id,label1,label2,label3
70000.png,1,0,0
70001.png,1,1,0
70002.png,0,0,0
70003.png,0,0,0
70004.png,1,0,0
70005.png,1,0,0
70006.png,1,1,0
70007.png,0,0,0
70008.png,0,0,0
70009.png,1,1,1
70010.png,0,0,0
70011.png,0,0,0
70012.png,1,0,0
70013.png,0,0,0
70014.png,0,0,0
70015.png,1,0,0
70016.png,1,1,1
70017.png,1,1,0
70018.png,0,1,0
70019.png,0,0,0
70020.png,1,0,0
70021.png,1,0,0
70022.png,1,0,0
70023.png,0,0,0
70024.png,1,1,1
70025.png,1,0,0
70026.png,1,1,0
70027.png,0,0,0
70028.png,0,0,0
70029.png,0,0,0
70030.png,0,0,0
70031.png,0,0,0
70032.png,1,1,1
70033.png,0,0,0
70034.png,0,0,0
70035.png,1,0,0
70036.png,1,1,1
70037.png,1,1,0
70038.png,0,0,0
70039.png,1,1,0
70040.png,0,0,0
70041.png,1,0,0
70042.png,0,0,0
70043.png,1,1,0
70044.png,1,0,0
70045.png,1,1,0
70046.png,0,0,0
70047.png,1,1,0
70048.png,1,0,0
70049.png,0,0,0
70050.png,1,1,1
70051.png,0,0,0
70052.png,1,1,0
70053.png,0,0,0
70054.png,0,0,0
70055.png,0,0,0
70056.png,1,1,1
70057.png,0,0,0
70058.png,1,1,1
70059.png,0,0,0
70060.png,1,1,1
70061.png,1,0,0
70062.png,1,1,0
70063.png,0,0,0
70064.png,1,0,0
70065.png,1,1,1
70066.png,0,0,0
70067.png,1,1,0
70068.png,0,0,0
70069.png,0,0,0
70070.png,0,0,0
70071.png,0,0,0
70072.png,1,0,0
70073.png,1,1,0
70074.png,0,0,0
70075.png,0,0,0
70076.png,0,0,0
70077.png,1,0,0
70078.png,1,1,0
70079.png,0,0,0
70080.png,0,0,0
70081.png,0,0,0
70082.png,1,1,0
70083.png,1,0,0
70084.png,1,0,0
70085.png,0,0,0
70086.png,0,0,0
70087.png,1,0,0
70088.png,0,0,0
70089.png,0,0,0
70090.png,1,1,0
70091.png,1,0,0
70092.png,0,0,0
70093.png,0,0,0
70094.png,0,0,0
70095.png,1,1,0
70096.png,0,0,0
70097.png,0,0,0
70098.png,1,1,0
70099.png,1,0,0
70100.png,0,0,0
70101.png,1,0,0
70102.png,0,0,0
70103.png,1,0,0
70104.png,1,0,0
70105.png,0,0,0
70106.png,0,0,0
70107.png,1,1,0
70108.png,0,0,0
70109.png,0,0,0
70110.png,1,1,0
70111.png,0,0,0
70112.png,1,1,0
70113.png,0,0,0
70114.png,1,0,0
70115.png,1,0,0
70116.png,0,0,0
70117.png,1,0,0
70118.png,0,0,0
70119.png,1,0,0
70120.png,1,1,0
70121.png,0,0,0
70122.png,1,1,0
70123.png,0,0,0
70124.png,1,0,0
70125.png,1,1,0
70126.png,1,0,0
70127.png,1,1,0
70128.png,1,0,0
70129.png,0,0,0
70130.png,0,0,0
70131.png,1,0,0
70132.png,1,0,0
70133.png,0,0,0
70134.png,0,0,0
70135.png,0,0,0
70136.png,1,1,0
70137.png,1,0,0
70138.png,0,0,0
70139.png,0,0,0
70140.png,0,0,0
70141.png,0,0,0
70142.png,1,1,1
70143.png,0,0,0
70144.png,1,0,0
70145.png,0,0,0
70146.png,1,1,0
70147.png,1,1,1
70148.png,0,0,0
70149.png,1,1,1
70150.png,0,0,0
70151.png,1,1,1
70152.png,1,1,0
70153.png,0,0,0
70154.png,1,0,0
70155.png,0,0,0
70156.png,0,0,0
70157.png,0,0,0
70158.png,0,0,0
70159.png,1,1,0
70160.png,1,1,1
70161.png,0,0,0
70162.png,0,0,0
70163.png,0,0,0
70164.png,1,1,0
70165.png,1,0,0
70166.png,1,0,0
70167.png,0,0,0
70168.png,0,0,0
70169.png,1,1,1
70170.png,1,0,0
70171.png,0,0,0
70172.png,1,0,0
70173.png,0,0,0
70174.png,0,0,0
70175.png,1,1,1
70176.png,1,0,0
70177.png,0,0,0
70178.png,1,0,0
70179.png,1,1,0
70180.png,1,0,0
70181.png,1,1,0
70182.png,0,0,0
70183.png,1,1,0
70184.png,1,1,0
70185.png,1,1,0
70186.png,0,0,0
70187.png,0,0,0
70188.png,0,0,0
70189.png,0,0,0
70190.png,0,0,0
70191.png,0,0,0
70192.png,0,0,0
70193.png,1,0,0
70194.png,0,0,0
70195.png,0,0,0
70196.png,1,1,0
70197.png,0,0,0
70198.png,0,0,0
70199.png,0,0,0
70200.png,0,0,0
70201.png,1,1,0
70202.png,1,0,0
70203.png,1,1,0
70204.png,0,0,0
70205.png,0,0,0
70206.png,1,0,0
70207.png,1,1,0
70208.png,0,0,0
70209.png,1,0,0
70210.png,1,1,0
70211.png,1,1,1
70212.png,0,0,0
70213.png,1,0,1
70214.png,1,1,0
70215.png,1,1,1
70216.png,1,1,1
70217.png,0,0,0
70218.png,0,0,0
70219.png,1,0,0
70220.png,0,0,0
70221.png,1,0,0
70222.png,1,1,0
70223.png,0,0,0
70224.png,0,0,0
70225.png,1,1,1
70226.png,1,0,0
70227.png,0,0,0
70228.png,1,1,0
70229.png,1,0,0
70230.png,1,0,0
70231.png,0,0,0
70232.png,0,0,0
70233.png,1,0,0
70234.png,1,0,0
70235.png,0,0,0
70236.png,0,0,0
70237.png,0,0,0
70238.png,1,1,1
70239.png,1,0,0
70240.png,1,1,0
70241.png,0,0,0
70242.png,0,0,0
70243.png,0,0,0
70244.png,1,1,1
70245.png,0,0,0
70246.png,0,0,0
70247.png,1,1,1
70248.png,1,1,0
70249.png,1,1,0
70250.png,0,0,0
70251.png,1,0,0
70252.png,1,1,1
70253.png,1,0,0
70254.png,1,1,1
70255.png,1,0,0
70256.png,0,0,0
70257.png,1,1,0
70258.png,1,1,0
70259.png,1,0,0
70260.png,1,1,0
70261.png,0,0,0
70262.png,0,0,0
70263.png,0,0,0
70264.png,1,0,0
70265.png,0,0,0
70266.png,1,0,0
70267.png,0,0,0
70268.png,1,0,0
70269.png,0,0,0
70270.png,0,0,0
70271.png,1,0,0
70272.png,0,0,0
70273.png,1,1,1
70274.png,0,0,0
70275.png,0,0,0
70276.png,1,0,0
70277.png,1,0,0
70278.png,1,1,1
70279.png,0,0,0
70280.png,0,0,0
70281.png,1,1,0
70282.png,1,1,0
70283.png,0,0,0
70284.png,0,0,0
70285.png,1,1,1
70286.png,1,1,1
70287.png,0,0,0
70288.png,0,0,0
70289.png,0,0,0
70290.png,0,0,0
70291.png,1,1,1
70292.png,1,0,0
70293.png,1,1,0
70294.png,1,1,1
70295.png,1,1,0
70296.png,1,1,1
70297.png,0,0,0
70298.png,0,0,0
70299.png,1,1,1
70300.png,0,0,0
70301.png,0,0,0
70302.png,1,1,0
70303.png,1,0,0
70304.png,1,1,0
70305.png,0,0,0
70306.png,1,0,0
70307.png,0,0,0
70308.png,1,0,0
70309.png,1,1,1
70310.png,0,0,0
70311.png,1,1,0
70312.png,1,1,0
70313.png,1,1,0
70314.png,1,0,0
70315.png,1,1,0
70316.png,1,1,0
70317.png,1,0,0
70318.png,0,0,0
70319.png,1,1,0
70320.png,0,0,0
70321.png,1,1,1
70322.png,0,0,0
70323.png,1,1,1
70324.png,1,1,1
70325.png,1,0,0
70326.png,1,1,1
70327.png,1,1,0
70328.png,1,1,0
70329.png,1,1,1
70330.png,0,0,0
70331.png,1,1,0
70332.png,1,0,0
70333.png,1,0,0
70334.png,0,0,0
70335.png,1,1,0
70336.png,0,0,0
70337.png,0,0,0
70338.png,0,0,0
70339.png,1,1,0
70340.png,1,1,1
70341.png,1,0,0
70342.png,0,0,0
70343.png,1,1,0
70344.png,0,0,0
70345.png,0,0,0
70346.png,1,1,0
70347.png,0,0,0
70348.png,0,0,0
70349.png,1,0,0
70350.png,1,1,0
70351.png,1,0,1
70352.png,1,0,0
70353.png,0,0,0
70354.png,1,0,0
70355.png,1,1,1
70356.png,1,1,1
70357.png,0,0,0
70358.png,0,1,0
70359.png,0,0,0
70360.png,1,0,0
70361.png,0,0,0
70362.png,0,0,0
70363.png,0,0,0
70364.png,0,0,0
70365.png,0,0,0
70366.png,0,0,0
70367.png,0,0,0
70368.png,0,0,0
70369.png,0,0,0
70370.png,1,0,0
70371.png,1,1,1
70372.png,0,0,0
70373.png,0,0,0
70374.png,1,0,0
70375.png,1,1,0
70376.png,1,1,0
70377.png,0,0,0
70378.png,0,0,0
70379.png,1,0,0
70380.png,1,0,1
70381.png,1,1,0
70382.png,1,1,0
70383.png,1,0,0
70384.png,0,0,0
70385.png,0,0,0
70386.png,1,1,0
70387.png,1,0,0
70388.png,0,0,0
70389.png,0,0,0
70390.png,0,0,0
70391.png,1,0,0
70392.png,0,0,0
70393.png,1,1,1
70394.png,0,0,0
70395.png,0,0,0
70396.png,1,1,0
70397.png,1,0,0
70398.png,0,0,0
70399.png,0,0,0
70400.png,1,0,0
70401.png,1,0,0
70402.png,0,0,0
70403.png,1,0,0
70404.png,1,1,0
70405.png,0,0,0
70406.png,1,1,0
70407.png,0,0,0
70408.png,0,0,0
70409.png,0,0,0
70410.png,0,0,0
70411.png,0,0,0
70412.png,1,1,0
70413.png,0,0,0
70414.png,0,0,0
70415.png,0,0,0
70416.png,1,0,0
70417.png,1,0,0
70418.png,0,0,0
70419.png,1,0,0
70420.png,1,1,0
70421.png,0,0,0
70422.png,1,1,1
70423.png,0,0,0
70424.png,0,0,0
70425.png,0,0,0
70426.png,0,0,0
70427.png,1,1,0
70428.png,1,1,1
70429.png,1,0,0
70430.png,1,1,0
70431.png,1,1,0
70432.png,0,0,0
70433.png,1,0,0
70434.png,0,0,0
70435.png,0,0,0
70436.png,0,0,0
70437.png,1,1,0
70438.png,0,0,0
70439.png,1,1,0
70440.png,0,0,0
70441.png,1,1,0
70442.png,1,1,1
70443.png,1,0,0
70444.png,0,0,0
70445.png,0,0,0
70446.png,0,0,0
70447.png,1,0,0
70448.png,0,0,0
70449.png,1,0,0
70450.png,0,0,0
70451.png,1,1,0
70452.png,1,1,1
70453.png,1,1,0
70454.png,1,1,0
70455.png,0,0,0
70456.png,0,0,0
70457.png,0,0,0
70458.png,1,0,0
70459.png,1,1,1
70460.png,0,0,0
70461.png,1,1,1
70462.png,1,0,0
70463.png,1,0,0
70464.png,1,0,0
70465.png,0,0,0
70466.png,0,0,0
70467.png,0,0,0
70468.png,1,0,0
70469.png,1,1,1
70470.png,1,1,0
70471.png,1,1,0
70472.png,0,0,0
70473.png,1,1,1
70474.png,1,1,0
70475.png,1,0,0
70476.png,0,0,0
70477.png,1,0,0
70478.png,0,0,0
70479.png,1,1,0
70480.png,0,0,0
70481.png,0,0,0
70482.png,1,0,0
70483.png,0,0,0
70484.png,0,0,0
70485.png,0,0,0
70486.png,1,1,0
70487.png,0,0,0
70488.png,0,0,0
70489.png,1,1,0
70490.png,0,0,0
70491.png,0,0,0
70492.png,0,0,0
70493.png,1,1,1
70494.png,1,0,0
70495.png,1,1,0
70496.png,0,0,0
70497.png,0,0,0
70498.png,0,0,0
70499.png,1,1,0
70500.png,0,0,0
70501.png,1,1,0
70502.png,1,1,1
70503.png,1,0,0
70504.png,1,1,0
70505.png,0,0,0
70506.png,1,1,1
70507.png,1,0,0
70508.png,1,0,0
70509.png,1,0,0
70510.png,1,0,0
70511.png,0,0,0
70512.png,0,0,0
70513.png,0,0,0
70514.png,0,0,0
70515.png,0,0,0
70516.png,0,0,0
70517.png,1,0,0
70518.png,1,0,0
70519.png,1,1,0
70520.png,0,0,0
70521.png,1,0,0
70522.png,1,1,0
70523.png,0,0,0
70524.png,0,0,0
70525.png,0,0,0
70526.png,1,0,0
70527.png,0,0,0
70528.png,1,0,0
70529.png,0,0,0
70530.png,0,0,0
70531.png,1,1,0
70532.png,0,0,0
70533.png,0,0,0
70534.png,1,0,0
70535.png,0,0,0
70536.png,0,0,0
70537.png,0,0,0
70538.png,1,0,0
70539.png,1,0,0
70540.png,0,0,0
70541.png,1,1,0
70542.png,1,0,0
70543.png,0,0,0
70544.png,1,0,0
70545.png,1,1,0
70546.png,0,0,0
70547.png,0,0,0
70548.png,0,0,0
70549.png,1,1,0
70550.png,0,0,0
70551.png,0,0,0
70552.png,0,0,0
70553.png,0,0,0
70554.png,0,0,0
70555.png,0,0,0
70556.png,1,0,0
70557.png,1,0,0
70558.png,0,0,0
70559.png,0,0,0
70560.png,0,0,0
70561.png,1,0,0
70562.png,0,0,0
70563.png,0,0,0
70564.png,0,0,0
70565.png,1,1,0
70566.png,1,0,0
70567.png,0,0,0
70568.png,1,0,0
70569.png,0,0,0
70570.png,1,1,0
70571.png,1,0,0
70572.png,1,1,1
70573.png,0,0,0
70574.png,0,0,0
70575.png,1,1,1
70576.png,0,0,0
70577.png,1,0,0
70578.png,0,0,0
70579.png,0,0,0
70580.png,0,0,0
70581.png,1,0,0
70582.png,0,0,0
70583.png,0,0,0
70584.png,1,0,0
70585.png,0,0,0
70586.png,1,0,0
70587.png,0,0,0
70588.png,0,0,0
70589.png,0,0,0
70590.png,1,1,0
70591.png,1,1,1
70592.png,0,0,0
70593.png,1,0,0
70594.png,1,0,0
70595.png,1,1,0
70596.png,0,0,1
70597.png,0,0,0
70598.png,0,0,0
70599.png,0,0,0
70600.png,1,1,1
70601.png,1,0,0
70602.png,0,0,0
70603.png,1,1,0
70604.png,0,1,1
70605.png,1,0,0
70606.png,1,1,1
70607.png,0,0,0
70608.png,1,1,0
70609.png,0,0,0
70610.png,1,1,0
70611.png,0,0,0
70612.png,0,0,0
70613.png,0,0,0
70614.png,0,0,0
70615.png,0,0,0
70616.png,0,0,0
70617.png,1,1,1
70618.png,0,0,0
70619.png,0,0,0
70620.png,0,0,0
70621.png,1,1,0
70622.png,1,0,0
70623.png,0,0,0
70624.png,1,0,0
70625.png,0,0,0
70626.png,1,1,0
70627.png,0,0,0
70628.png,1,1,0
70629.png,0,0,0
70630.png,1,1,0
70631.png,0,0,0
70632.png,1,1,0
70633.png,1,0,0
70634.png,1,0,0
70635.png,1,0,0
70636.png,0,0,0
70637.png,0,0,0
70638.png,0,0,0
70639.png,0,0,0
70640.png,0,0,0
70641.png,1,1,0
70642.png,0,0,0
70643.png,0,0,0
70644.png,0,0,0
70645.png,0,0,0
70646.png,1,0,0
70647.png,0,0,0
70648.png,0,0,0
70649.png,1,1,0
70650.png,1,0,0
70651.png,1,1,0
70652.png,1,0,0
70653.png,1,1,1
70654.png,0,0,0
70655.png,1,1,0
70656.png,0,0,0
70657.png,1,0,1
70658.png,0,0,0
70659.png,1,1,0
70660.png,1,1,0
70661.png,1,0,0
70662.png,0,0,0
70663.png,1,0,0
70664.png,0,0,0
70665.png,0,0,0
70666.png,0,0,0
70667.png,1,0,0
70668.png,0,0,0
70669.png,0,0,0
70670.png,1,0,0
70671.png,1,0,0
70672.png,0,0,0
70673.png,1,0,0
70674.png,1,0,0
70675.png,1,1,1
70676.png,0,0,0
70677.png,1,1,0
70678.png,0,0,0
70679.png,1,0,0
70680.png,0,0,0
70681.png,0,0,0
70682.png,0,0,0
70683.png,0,0,0
70684.png,0,0,0
70685.png,1,0,0
70686.png,0,0,0
70687.png,0,0,1
70688.png,0,0,0
70689.png,0,0,0
70690.png,1,1,0
70691.png,1,1,0
70692.png,1,1,0
70693.png,1,0,0
70694.png,1,1,0
70695.png,0,0,0
70696.png,1,0,0
70697.png,0,0,0
70698.png,0,0,0
70699.png,1,1,0
70700.png,1,1,0
70701.png,0,0,0
70702.png,1,0,0
70703.png,1,1,0
70704.png,1,1,1
70705.png,0,0,0
70706.png,1,1,1
70707.png,0,0,0
70708.png,0,0,0
70709.png,0,0,0
70710.png,1,0,0
70711.png,0,0,0
70712.png,0,0,0
70713.png,1,1,0
70714.png,1,1,0
70715.png,1,0,0
70716.png,0,0,0
70717.png,0,0,0
70718.png,0,0,0
70719.png,1,1,0
70720.png,0,0,0
70721.png,0,0,0
70722.png,1,0,0
70723.png,0,0,0
70724.png,1,1,0
70725.png,0,0,0
70726.png,0,0,0
70727.png,0,0,0
70728.png,0,0,0
70729.png,0,0,0
70730.png,0,0,0
70731.png,1,0,0
70732.png,1,1,1
70733.png,1,0,0
70734.png,0,0,0
70735.png,0,0,0
70736.png,1,1,1
70737.png,1,1,1
70738.png,0,0,0
70739.png,1,1,0
70740.png,0,0,0
70741.png,0,0,0
70742.png,0,0,0
70743.png,1,0,0
70744.png,0,0,0
70745.png,1,0,0
70746.png,1,0,0
70747.png,1,1,0
70748.png,0,0,0
70749.png,1,1,0
70750.png,0,0,0
70751.png,1,0,0
70752.png,0,0,0
70753.png,1,0,0
70754.png,0,0,0
70755.png,1,1,1
70756.png,0,0,0
70757.png,1,1,0
70758.png,1,0,0
70759.png,1,0,0
70760.png,1,0,0
70761.png,1,1,0
70762.png,0,0,0
70763.png,1,0,0
70764.png,1,0,0
70765.png,1,1,0
70766.png,0,0,0
70767.png,0,0,0
70768.png,1,0,0
70769.png,0,0,0
70770.png,0,0,0
70771.png,1,1,0
70772.png,1,1,1
70773.png,1,1,0
70774.png,0,0,0
70775.png,0,0,0
70776.png,1,0,0
70777.png,0,0,0
70778.png,1,0,0
70779.png,1,0,0
70780.png,0,0,0
70781.png,0,0,0
70782.png,0,0,0
70783.png,0,0,0
70784.png,0,0,0
70785.png,0,0,0
70786.png,1,0,0
70787.png,0,0,0
70788.png,1,1,1
70789.png,0,0,0
70790.png,1,0,0
70791.png,1,1,0
70792.png,0,0,0
70793.png,0,0,0
70794.png,1,1,0
70795.png,0,0,0
70796.png,1,1,0
70797.png,0,0,0
70798.png,1,0,0
70799.png,1,0,0
70800.png,1,1,1
70801.png,1,1,0
70802.png,1,0,1
70803.png,0,0,0
70804.png,0,0,0
70805.png,1,1,0
70806.png,0,0,0
70807.png,0,0,0
70808.png,1,0,0
70809.png,1,1,0
70810.png,0,0,0
70811.png,0,0,0
70812.png,0,0,0
70813.png,0,1,0
70814.png,1,1,0
70815.png,0,0,0
70816.png,1,0,0
70817.png,0,0,0
70818.png,0,0,0
70819.png,1,0,0
70820.png,1,0,0
70821.png,1,0,0
70822.png,0,0,0
70823.png,0,0,0
70824.png,1,1,0
70825.png,0,0,0
70826.png,0,0,0
70827.png,0,0,0
70828.png,0,0,0
70829.png,1,0,0
70830.png,0,0,0
70831.png,0,0,0
70832.png,0,0,0
70833.png,1,1,0
70834.png,0,0,0
70835.png,1,1,0
70836.png,0,0,0
70837.png,0,0,0
70838.png,1,1,0
70839.png,0,0,0
70840.png,0,0,0
70841.png,1,0,0
70842.png,1,0,0
70843.png,0,0,0
70844.png,1,1,0
70845.png,0,0,0
70846.png,1,1,1
70847.png,0,0,0
70848.png,0,0,0
70849.png,1,1,0
70850.png,1,0,0
70851.png,0,0,0
70852.png,1,1,0
70853.png,1,0,0
70854.png,0,0,0
70855.png,0,0,0
70856.png,0,0,0
70857.png,0,0,0
70858.png,0,0,0
70859.png,1,1,0
70860.png,0,0,0
70861.png,0,0,0
70862.png,1,1,0
70863.png,1,0,0
70864.png,0,0,0
70865.png,1,1,0
70866.png,0,0,0
70867.png,0,0,0
70868.png,0,0,0
70869.png,0,0,0
70870.png,1,1,1
70871.png,1,1,0
70872.png,1,0,0
70873.png,0,0,0
70874.png,1,0,0
70875.png,0,0,0
70876.png,0,0,0
70877.png,1,0,0
70878.png,0,0,0
70879.png,0,0,0
70880.png,1,1,0
70881.png,0,0,0
70882.png,1,1,1
70883.png,1,0,0
70884.png,1,0,0
70885.png,0,0,0
70886.png,1,0,0
70887.png,0,0,0
70888.png,0,0,0
70889.png,0,0,0
70890.png,0,0,0
70891.png,0,0,0
70892.png,1,1,0
70893.png,1,1,0
70894.png,0,0,0
70895.png,1,1,1
70896.png,1,1,0
70897.png,1,1,0
70898.png,0,0,0
70899.png,1,0,0
70900.png,1,1,1
70901.png,0,0,0
70902.png,0,0,0
70903.png,1,0,1
70904.png,1,1,0
70905.png,0,0,0
70906.png,0,0,0
70907.png,0,0,0
70908.png,0,0,0
70909.png,1,0,0
70910.png,1,1,0
70911.png,1,1,0
70912.png,0,0,0
70913.png,1,0,0
70914.png,1,0,0
70915.png,0,0,0
70916.png,1,1,1
70917.png,0,0,0
70918.png,1,1,1
70919.png,0,0,0
70920.png,0,0,0
70921.png,0,0,0
70922.png,1,1,0
70923.png,0,0,0
70924.png,1,0,0
70925.png,0,0,0
70926.png,1,0,0
70927.png,0,0,0
70928.png,0,0,1
70929.png,0,0,0
70930.png,1,1,1
70931.png,1,0,0
70932.png,0,0,0
70933.png,0,0,0
70934.png,0,0,0
70935.png,1,0,0
70936.png,1,1,0
70937.png,0,0,0
70938.png,0,0,0
70939.png,1,1,0
70940.png,1,1,0
70941.png,1,0,0
70942.png,1,1,0
70943.png,1,1,0
70944.png,1,1,0
70945.png,0,0,0
70946.png,1,0,0
70947.png,1,0,0
70948.png,0,0,0
70949.png,0,0,0
70950.png,0,0,0
70951.png,0,0,0
70952.png,1,1,0
70953.png,0,0,0
70954.png,0,0,0
70955.png,0,0,0
70956.png,0,0,0
70957.png,0,0,0
70958.png,0,0,0
70959.png,0,0,0
70960.png,0,0,0
70961.png,1,0,0
70962.png,0,0,0
70963.png,0,0,0
70964.png,0,0,0
70965.png,0,0,0
70966.png,0,0,0
70967.png,0,0,0
70968.png,0,0,0
70969.png,1,1,0
70970.png,0,0,0
70971.png,1,1,0
70972.png,1,1,0
70973.png,0,0,0
70974.png,0,0,0
70975.png,1,1,0
70976.png,1,1,0
70977.png,1,0,0
70978.png,0,0,0
70979.png,1,1,0
70980.png,1,0,0
70981.png,0,0,0
70982.png,0,0,0
70983.png,0,0,0
70984.png,0,0,0
70985.png,1,1,1
70986.png,0,0,0
70987.png,0,0,0
70988.png,0,0,0
70989.png,0,0,0
70990.png,0,0,0
70991.png,0,0,0
70992.png,1,1,0
70993.png,1,0,0
70994.png,1,1,0
70995.png,1,1,0
70996.png,1,0,0
70997.png,1,1,0
70998.png,1,1,1
70999.png,1,0,0
71000.png,0,0,0
71001.png,0,0,0
71002.png,1,1,0
71003.png,1,0,0
71004.png,1,0,0
71005.png,1,0,0
71006.png,0,0,0
71007.png,1,0,0
71008.png,1,0,0
71009.png,1,0,0
71010.png,0,0,0
71011.png,0,0,0
71012.png,1,0,0
71013.png,1,0,0
71014.png,1,1,0
71015.png,0,0,0
71016.png,1,1,1
71017.png,0,0,0
71018.png,0,0,0
71019.png,0,0,0
71020.png,0,0,0
71021.png,0,0,0
71022.png,0,0,0
71023.png,0,0,0
71024.png,1,1,0
71025.png,1,0,0
71026.png,1,0,0
71027.png,1,1,1
71028.png,1,1,0
71029.png,0,0,0
71030.png,1,1,1
71031.png,0,0,0
71032.png,1,1,0
71033.png,0,0,0
71034.png,1,1,0
71035.png,1,1,0
71036.png,0,0,1
71037.png,1,1,1
71038.png,1,0,0
71039.png,1,1,1
71040.png,0,0,0
71041.png,0,0,0
71042.png,1,0,0
71043.png,1,0,0
71044.png,1,1,0
71045.png,0,0,0
71046.png,1,1,0
71047.png,1,0,0
71048.png,1,1,0
71049.png,1,0,0
71050.png,0,0,0
71051.png,0,0,0
71052.png,0,0,0
71053.png,1,0,0
71054.png,1,0,0
71055.png,1,0,0
71056.png,1,0,0
71057.png,1,1,0
71058.png,1,1,0
71059.png,0,0,0
71060.png,0,0,0
71061.png,0,0,0
71062.png,1,1,0
71063.png,1,1,0
71064.png,0,0,0
71065.png,1,0,0
71066.png,1,1,0
71067.png,1,1,0
71068.png,1,0,0
71069.png,0,0,0
71070.png,1,0,0
71071.png,1,0,0
71072.png,0,0,0
71073.png,0,0,0
71074.png,0,0,0
71075.png,1,0,1
71076.png,0,0,0
71077.png,1,1,0
71078.png,0,0,0
71079.png,1,1,1
71080.png,0,0,0
71081.png,0,0,0
71082.png,0,0,0
71083.png,0,0,0
71084.png,0,0,0
71085.png,0,0,0
71086.png,0,0,0
71087.png,0,0,0
71088.png,1,0,0
71089.png,1,1,0
71090.png,0,0,0
71091.png,1,0,0
71092.png,0,0,0
71093.png,0,0,0
71094.png,0,0,0
71095.png,0,0,0
71096.png,1,0,0
71097.png,1,1,0
71098.png,1,1,0
71099.png,0,0,0
71100.png,1,1,1
71101.png,0,0,0
71102.png,0,0,0
71103.png,1,1,0
71104.png,0,0,0
71105.png,1,0,0
71106.png,0,0,0
71107.png,0,0,0
71108.png,0,0,0
71109.png,1,0,0
71110.png,1,0,0
71111.png,1,0,0
71112.png,1,1,1
71113.png,0,0,0
71114.png,0,0,0
71115.png,1,0,0
71116.png,1,0,0
71117.png,0,0,0
71118.png,1,1,0
71119.png,1,0,0
71120.png,0,0,0
71121.png,1,0,0
71122.png,1,1,0
71123.png,0,0,0
71124.png,1,0,0
71125.png,1,1,0
71126.png,0,0,0
71127.png,1,0,0
71128.png,0,0,0
71129.png,0,0,0
71130.png,0,0,0
71131.png,1,1,1
71132.png,1,1,0
71133.png,1,0,0
71134.png,1,0,0
71135.png,0,0,0
71136.png,1,1,1
71137.png,1,0,0
71138.png,1,1,0
71139.png,1,1,0
71140.png,1,0,0
71141.png,1,1,1
71142.png,0,0,0
71143.png,0,0,0
71144.png,0,0,0
71145.png,0,0,0
71146.png,0,0,0
71147.png,0,0,0
71148.png,0,0,0
71149.png,0,0,0
71150.png,0,0,0
71151.png,1,1,0
71152.png,0,0,0
71153.png,0,0,0
71154.png,1,1,0
71155.png,0,0,0
71156.png,0,0,0
71157.png,1,1,0
71158.png,0,0,0
71159.png,0,0,0
71160.png,0,0,0
71161.png,0,0,0
71162.png,1,0,0
71163.png,1,0,0
71164.png,1,0,0
71165.png,0,0,0
71166.png,0,0,0
71167.png,1,1,1
71168.png,0,0,0
71169.png,1,0,0
71170.png,0,0,0
71171.png,0,0,0
71172.png,1,1,0
71173.png,1,1,0
71174.png,1,0,0
71175.png,1,1,0
71176.png,0,0,0
71177.png,1,0,0
71178.png,0,0,0
71179.png,1,1,0
71180.png,0,0,0
71181.png,0,0,0
71182.png,0,0,0
71183.png,0,0,0
71184.png,1,1,0
71185.png,1,1,1
71186.png,1,1,0
71187.png,1,0,0
71188.png,0,0,0
71189.png,0,0,0
71190.png,1,1,0
71191.png,0,0,0
71192.png,1,1,0
71193.png,0,0,0
71194.png,0,0,0
71195.png,1,0,0
71196.png,1,0,0
71197.png,1,1,0
71198.png,1,1,0
71199.png,0,0,0
71200.png,0,0,0
71201.png,1,1,0
71202.png,0,0,0
71203.png,1,1,1
71204.png,1,1,0
71205.png,1,0,0
71206.png,1,0,0
71207.png,0,0,0
71208.png,0,0,0
71209.png,0,0,0
71210.png,0,0,0
71211.png,1,0,0
71212.png,1,0,0
71213.png,0,0,0
71214.png,0,0,0
71215.png,0,0,0
71216.png,0,0,0
71217.png,0,0,0
71218.png,1,1,0
71219.png,0,0,0
71220.png,1,0,0
71221.png,0,0,0
71222.png,0,0,0
71223.png,0,0,0
71224.png,1,1,1
71225.png,1,0,0
71226.png,1,1,1
71227.png,0,0,0
71228.png,1,1,1
71229.png,1,1,0
71230.png,1,1,0
71231.png,1,0,0
71232.png,0,0,0
71233.png,1,1,0
71234.png,1,1,0
71235.png,0,0,0
71236.png,1,0,0
71237.png,0,0,0
71238.png,1,1,1
71239.png,0,0,0
71240.png,0,0,0
71241.png,0,0,0
71242.png,0,0,0
71243.png,0,0,0
71244.png,1,0,0
71245.png,0,0,0
71246.png,0,0,0
71247.png,0,0,0
71248.png,0,0,0
71249.png,1,1,1
71250.png,0,0,0
71251.png,1,1,1
71252.png,0,0,0
71253.png,1,0,0
71254.png,0,0,0
71255.png,1,1,0
71256.png,0,0,0
71257.png,1,1,0
71258.png,0,0,0
71259.png,0,0,0
71260.png,1,0,0
71261.png,1,1,1
71262.png,0,0,0
71263.png,0,0,0
71264.png,1,1,1
71265.png,1,1,0
71266.png,0,0,0
71267.png,1,1,0
71268.png,1,0,0
71269.png,0,0,0
71270.png,0,0,0
71271.png,0,0,0
71272.png,0,0,0
71273.png,0,0,0
71274.png,0,0,0
71275.png,0,0,0
71276.png,0,0,0
71277.png,0,0,0
71278.png,1,0,0
71279.png,0,0,0
71280.png,1,1,1
71281.png,1,1,0
71282.png,0,0,0
71283.png,0,0,0
71284.png,1,0,0
71285.png,0,0,0
71286.png,0,0,0
71287.png,1,1,1
71288.png,0,0,0
71289.png,0,0,0
71290.png,0,0,0
71291.png,1,0,0
71292.png,0,0,0
71293.png,0,0,0
71294.png,1,1,0
71295.png,0,0,0
71296.png,0,0,0
71297.png,0,0,0
71298.png,0,0,0
71299.png,1,1,1
71300.png,1,1,0
71301.png,0,0,0
71302.png,1,1,0
71303.png,0,0,0
71304.png,1,0,0
71305.png,0,0,0
71306.png,0,0,0
71307.png,0,0,0
71308.png,0,0,0
71309.png,1,0,0
71310.png,1,1,0
71311.png,0,0,0
71312.png,1,0,0
71313.png,0,0,0
71314.png,0,0,0
71315.png,1,0,0
71316.png,1,1,0
71317.png,1,1,0
71318.png,1,0,0
71319.png,1,0,0
71320.png,1,1,1
71321.png,0,0,0
71322.png,1,0,0
71323.png,1,0,0
71324.png,1,0,0
71325.png,1,1,1
71326.png,0,0,0
71327.png,1,1,0
71328.png,0,0,0
71329.png,0,0,0
71330.png,1,1,0
71331.png,0,0,0
71332.png,0,0,0
71333.png,0,0,0
71334.png,1,0,0
71335.png,1,1,1
71336.png,0,0,0
71337.png,0,0,0
71338.png,1,0,0
71339.png,1,1,1
71340.png,0,0,0
71341.png,1,0,0
71342.png,1,1,1
71343.png,0,0,0
71344.png,1,0,0
71345.png,1,0,0
71346.png,0,0,0
71347.png,1,0,1
71348.png,0,0,0
71349.png,1,0,0
71350.png,0,0,0
71351.png,1,1,1
71352.png,1,0,0
71353.png,1,0,0
71354.png,1,0,0
71355.png,0,0,0
71356.png,0,0,0
71357.png,0,0,0
71358.png,1,1,0
71359.png,0,0,0
71360.png,0,0,0
71361.png,0,0,0
71362.png,1,0,0
71363.png,1,1,0
71364.png,0,0,0
71365.png,0,0,0
71366.png,1,0,0
71367.png,0,0,0
71368.png,0,0,0
71369.png,0,0,0
71370.png,1,1,0
71371.png,0,0,0
71372.png,1,0,0
71373.png,0,0,0
71374.png,0,0,0
71375.png,1,1,1
71376.png,1,0,0
71377.png,1,1,1
71378.png,0,0,0
71379.png,0,0,0
71380.png,0,0,0
71381.png,0,0,0
71382.png,1,0,0
71383.png,0,0,0
71384.png,0,0,0
71385.png,0,0,0
71386.png,0,0,0
71387.png,0,0,0
71388.png,0,0,0
71389.png,1,1,1
71390.png,0,0,0
71391.png,1,1,1
71392.png,1,1,0
71393.png,1,1,1
71394.png,1,1,0
71395.png,0,0,0
71396.png,1,0,0
71397.png,1,1,0
71398.png,1,1,1
71399.png,0,0,0
71400.png,0,0,0
71401.png,0,0,0
71402.png,0,0,0
71403.png,0,0,0
71404.png,0,0,0
71405.png,1,0,0
71406.png,1,0,0
71407.png,1,1,1
71408.png,0,0,0
71409.png,1,1,0
71410.png,1,1,1
71411.png,0,0,0
71412.png,0,0,0
71413.png,1,0,0
71414.png,0,0,0
71415.png,1,1,1
71416.png,0,0,0
71417.png,0,0,0
71418.png,1,1,0
71419.png,0,0,0
71420.png,0,0,0
71421.png,1,1,1
71422.png,0,0,0
71423.png,0,0,0
71424.png,0,0,0
71425.png,0,0,0
71426.png,0,0,0
71427.png,0,0,0
71428.png,0,0,0
71429.png,0,0,0
71430.png,0,0,0
71431.png,1,0,0
71432.png,0,0,0
71433.png,0,0,0
71434.png,1,1,0
71435.png,1,1,0
71436.png,1,1,1
71437.png,0,0,0
71438.png,0,0,0
71439.png,0,0,0
71440.png,0,0,0
71441.png,0,0,0
71442.png,1,0,0
71443.png,1,0,0
71444.png,0,0,0
71445.png,0,0,0
71446.png,1,1,0
71447.png,0,0,0
71448.png,0,0,0
71449.png,0,0,0
71450.png,0,0,0
71451.png,0,0,0
71452.png,0,0,0
71453.png,0,0,0
71454.png,0,0,0
71455.png,1,1,1
71456.png,1,1,1
71457.png,0,1,0
71458.png,1,0,0
71459.png,1,1,1
71460.png,0,0,0
71461.png,1,0,0
71462.png,0,0,0
71463.png,0,0,0
71464.png,1,1,0
71465.png,0,0,0
71466.png,0,1,0
71467.png,0,0,0
71468.png,1,0,0
71469.png,0,0,0
71470.png,0,0,0
71471.png,1,0,0
71472.png,1,1,0
71473.png,0,0,0
71474.png,1,0,0
71475.png,0,0,0
71476.png,0,0,0
71477.png,0,0,0
71478.png,1,1,0
71479.png,0,0,0
71480.png,0,0,0
71481.png,1,0,0
71482.png,0,0,0
71483.png,1,1,0
71484.png,0,0,0
71485.png,1,1,1
71486.png,0,0,0
71487.png,0,0,0
71488.png,1,0,0
71489.png,0,0,0
71490.png,1,0,0
71491.png,1,0,0
71492.png,0,0,0
71493.png,0,0,0
71494.png,0,0,0
71495.png,0,0,0
71496.png,1,1,1
71497.png,1,0,0
71498.png,1,1,1
71499.png,1,1,0
71500.png,1,1,1
71501.png,0,0,0
71502.png,0,0,0
71503.png,0,0,0
71504.png,1,1,0
71505.png,0,0,0
71506.png,0,0,0
71507.png,1,0,0
71508.png,1,0,0
71509.png,0,0,0
71510.png,0,0,0
71511.png,0,0,0
71512.png,1,0,0
71513.png,1,1,1
71514.png,0,0,0
71515.png,0,0,0
71516.png,1,0,0
71517.png,1,1,0
71518.png,0,0,0
71519.png,1,0,0
71520.png,0,0,0
71521.png,0,0,0
71522.png,1,1,0
71523.png,0,0,0
71524.png,1,0,0
71525.png,1,0,0
71526.png,1,1,1
71527.png,0,0,0
71528.png,1,1,0
71529.png,0,0,0
71530.png,0,0,0
71531.png,1,0,0
71532.png,0,0,0
71533.png,1,0,0
71534.png,0,0,0
71535.png,1,0,0
71536.png,0,0,0
71537.png,1,1,1
71538.png,1,0,0
71539.png,1,0,0
71540.png,1,1,1
71541.png,0,0,0
71542.png,1,0,0
71543.png,1,0,0
71544.png,1,1,1
71545.png,1,0,0
71546.png,1,1,0
71547.png,1,1,0
71548.png,1,1,0
71549.png,0,0,0
71550.png,0,0,0
71551.png,0,0,0
71552.png,0,0,0
71553.png,1,1,1
71554.png,1,1,0
71555.png,0,0,0
71556.png,1,1,1
71557.png,0,0,0
71558.png,0,0,0
71559.png,1,0,0
71560.png,0,0,0
71561.png,1,0,0
71562.png,1,1,1
71563.png,0,0,0
71564.png,0,0,0
71565.png,0,0,0
71566.png,1,0,0
71567.png,0,0,0
71568.png,0,0,0
71569.png,0,0,0
71570.png,1,0,0
71571.png,1,1,1
71572.png,1,0,0
71573.png,0,0,0
71574.png,0,0,0
71575.png,0,0,0
71576.png,1,1,1
71577.png,1,0,0
71578.png,1,1,1
71579.png,0,0,0
71580.png,1,1,0
71581.png,0,0,0
71582.png,0,0,0
71583.png,1,0,0
71584.png,1,0,0
71585.png,0,0,0
71586.png,0,0,0
71587.png,1,0,0
71588.png,0,0,0
71589.png,1,0,0
71590.png,0,0,0
71591.png,1,0,0
71592.png,1,1,0
71593.png,1,0,0
71594.png,1,0,0
71595.png,1,0,0
71596.png,1,0,0
71597.png,1,0,0
71598.png,1,0,0
71599.png,0,0,0
71600.png,1,0,0
71601.png,0,0,0
71602.png,1,1,1
71603.png,0,0,0
71604.png,0,0,0
71605.png,0,0,0
71606.png,0,0,0
71607.png,0,0,0
71608.png,0,0,0
71609.png,1,1,0
71610.png,0,0,0
71611.png,0,0,0
71612.png,1,0,0
71613.png,0,0,0
71614.png,0,0,0
71615.png,0,0,0
71616.png,1,1,1
71617.png,0,0,0
71618.png,0,0,0
71619.png,0,0,0
71620.png,1,0,0
71621.png,0,0,0
71622.png,0,0,0
71623.png,1,1,1
71624.png,0,0,0
71625.png,0,0,0
71626.png,1,0,0
71627.png,1,1,0
71628.png,0,0,0
71629.png,0,0,0
71630.png,0,0,0
71631.png,1,1,0
71632.png,0,0,0
71633.png,0,0,0
71634.png,0,0,0
71635.png,1,0,0
71636.png,1,0,0
71637.png,1,0,0
71638.png,1,0,0
71639.png,1,0,0
71640.png,0,0,0
71641.png,0,0,0
71642.png,0,0,0
71643.png,0,0,0
71644.png,0,0,0
71645.png,1,1,0
71646.png,0,0,0
71647.png,1,1,1
71648.png,0,0,0
71649.png,0,0,0
71650.png,0,0,0
71651.png,1,1,0
71652.png,0,0,0
71653.png,1,0,0
71654.png,0,0,0
71655.png,1,0,0
71656.png,0,0,0
71657.png,0,0,0
71658.png,0,0,0
71659.png,1,1,0
71660.png,0,0,0
71661.png,1,1,0
71662.png,0,0,0
71663.png,0,0,0
71664.png,0,0,0
71665.png,1,0,0
71666.png,0,0,0
71667.png,0,0,0
71668.png,0,0,0
71669.png,0,0,0
71670.png,1,0,0
71671.png,0,0,0
71672.png,0,0,0
71673.png,1,1,0
71674.png,0,0,0
71675.png,1,0,0
71676.png,0,0,0
71677.png,0,0,0
71678.png,1,0,0
71679.png,0,0,0
71680.png,1,0,0
71681.png,0,0,0
71682.png,1,1,0
71683.png,0,0,0
71684.png,0,0,0
71685.png,1,1,0
71686.png,0,0,0
71687.png,1,0,0
71688.png,0,0,0
71689.png,1,1,1
71690.png,0,0,0
71691.png,1,0,0
71692.png,1,1,1
71693.png,0,0,0
71694.png,1,0,0
71695.png,1,1,0
71696.png,1,1,0
71697.png,1,0,0
71698.png,1,1,0
71699.png,1,0,0
71700.png,1,0,0
71701.png,0,0,0
71702.png,0,0,0
71703.png,1,0,0
71704.png,1,0,0
71705.png,0,0,0
71706.png,0,0,0
71707.png,0,0,0
71708.png,1,0,0
71709.png,0,0,0
71710.png,1,1,0
71711.png,0,0,0
71712.png,1,0,0
71713.png,1,1,0
71714.png,1,0,0
71715.png,1,1,1
71716.png,0,0,0
71717.png,1,1,0
71718.png,0,0,0
71719.png,1,0,0
71720.png,0,0,0
71721.png,1,0,0
71722.png,1,1,0
71723.png,1,0,0
71724.png,1,0,0
71725.png,1,0,0
71726.png,1,1,0
71727.png,0,0,0
71728.png,1,0,0
71729.png,0,0,0
71730.png,1,1,0
71731.png,1,1,0
71732.png,1,0,0
71733.png,0,0,0
71734.png,1,0,0
71735.png,1,0,0
71736.png,1,0,0
71737.png,0,0,0
71738.png,1,1,0
71739.png,1,1,0
71740.png,1,0,0
71741.png,1,0,0
71742.png,1,1,0
71743.png,0,0,0
71744.png,0,0,0
71745.png,1,1,0
71746.png,0,0,0
71747.png,1,0,0
71748.png,1,0,0
71749.png,0,0,0
71750.png,0,0,0
71751.png,1,0,0
71752.png,1,1,0
71753.png,0,0,0
71754.png,1,1,0
71755.png,1,1,0
71756.png,1,0,0
71757.png,1,1,1
71758.png,0,0,0
71759.png,1,1,0
71760.png,1,0,0
71761.png,1,1,0
71762.png,0,0,0
71763.png,0,0,0
71764.png,0,0,0
71765.png,0,0,0
71766.png,0,0,0
71767.png,0,0,0
71768.png,0,0,0
71769.png,1,0,0
71770.png,0,0,0
71771.png,1,1,0
71772.png,0,0,0
71773.png,1,0,0
71774.png,1,0,0
71775.png,0,0,0
71776.png,1,1,1
71777.png,0,0,0
71778.png,1,1,0
71779.png,0,0,0
71780.png,0,0,0
71781.png,1,1,0
71782.png,0,0,0
71783.png,0,0,0
71784.png,0,0,0
71785.png,0,0,0
71786.png,1,0,0
71787.png,1,0,0
71788.png,1,0,0
71789.png,1,1,0
71790.png,0,0,0
71791.png,0,0,0
71792.png,0,0,0
71793.png,1,1,0
71794.png,0,0,0
71795.png,0,0,0
71796.png,0,0,0
71797.png,0,0,0
71798.png,0,0,0
71799.png,1,1,1
71800.png,0,0,0
71801.png,0,0,0
71802.png,0,0,0
71803.png,0,0,0
71804.png,0,0,0
71805.png,0,0,0
71806.png,1,0,0
71807.png,1,0,0
71808.png,0,0,0
71809.png,0,0,0
71810.png,1,1,1
71811.png,0,0,0
71812.png,0,0,0
71813.png,0,0,0
71814.png,1,1,0
71815.png,1,1,0
71816.png,1,1,0
71817.png,1,1,0
71818.png,0,0,0
71819.png,0,0,0
71820.png,0,0,0
71821.png,1,1,0
71822.png,0,0,0
71823.png,1,0,0
71824.png,1,1,0
71825.png,1,1,0
71826.png,1,1,0
71827.png,1,0,0
71828.png,1,0,0
71829.png,1,0,0
71830.png,1,0,0
71831.png,1,0,0
71832.png,0,0,0
71833.png,1,1,0
71834.png,0,0,0
71835.png,1,1,1
71836.png,0,0,0
71837.png,1,1,1
71838.png,1,0,0
71839.png,0,0,0
71840.png,0,0,0
71841.png,1,0,0
71842.png,0,0,0
71843.png,0,0,0
71844.png,0,0,0
71845.png,0,0,0
71846.png,0,0,0
71847.png,0,0,0
71848.png,0,0,0
71849.png,1,1,0
71850.png,0,0,0
71851.png,1,0,0
71852.png,0,0,0
71853.png,0,0,0
71854.png,1,0,0
71855.png,0,0,0
71856.png,0,0,0
71857.png,1,1,0
71858.png,0,0,0
71859.png,0,0,0
71860.png,0,0,0
71861.png,0,0,0
71862.png,1,1,0
71863.png,0,0,0
71864.png,0,0,0
71865.png,0,0,0
71866.png,0,0,0
71867.png,0,0,0
71868.png,1,0,0
71869.png,1,1,0
71870.png,0,0,0
71871.png,0,0,0
71872.png,1,0,0
71873.png,0,0,0
71874.png,1,1,0
71875.png,0,0,0
71876.png,1,1,0
71877.png,1,0,0
71878.png,0,0,0
71879.png,1,0,0
71880.png,1,0,0
71881.png,1,0,0
71882.png,0,0,0
71883.png,0,0,0
71884.png,0,0,0
71885.png,1,1,0
71886.png,0,0,0
71887.png,1,1,0
71888.png,0,0,0
71889.png,1,1,1
71890.png,0,0,0
71891.png,1,1,0
71892.png,1,0,0
71893.png,0,0,0
71894.png,1,1,1
71895.png,1,0,0
71896.png,0,0,0
71897.png,1,1,0
71898.png,0,0,0
71899.png,0,0,0
71900.png,1,0,0
71901.png,1,1,0
71902.png,0,0,0
71903.png,0,0,0
71904.png,1,0,0
71905.png,0,0,0
71906.png,1,0,0
71907.png,1,0,0
71908.png,1,1,0
71909.png,1,1,0
71910.png,1,0,0
71911.png,1,1,0
71912.png,1,0,0
71913.png,0,0,0
71914.png,1,1,1
71915.png,0,0,0
71916.png,0,0,0
71917.png,0,0,0
71918.png,0,0,0
71919.png,0,0,0
71920.png,1,0,0
71921.png,1,1,0
71922.png,1,0,0
71923.png,0,0,0
71924.png,0,0,0
71925.png,1,1,0
71926.png,1,0,1
71927.png,0,0,0
71928.png,0,0,0
71929.png,0,0,0
71930.png,0,0,0
71931.png,0,0,0
71932.png,1,0,0
71933.png,1,1,1
71934.png,0,0,0
71935.png,0,0,0
71936.png,0,0,0
71937.png,1,0,0
71938.png,0,0,0
71939.png,1,1,0
71940.png,1,1,0
71941.png,0,0,0
71942.png,1,0,0
71943.png,1,0,0
71944.png,1,0,0
71945.png,0,0,0
71946.png,1,1,0
71947.png,1,1,0
71948.png,0,0,0
71949.png,0,0,0
71950.png,0,0,0
71951.png,1,0,0
71952.png,0,0,0
71953.png,0,0,0
71954.png,1,1,1
71955.png,1,0,0
71956.png,1,1,0
71957.png,1,0,0
71958.png,0,0,0
71959.png,1,0,0
71960.png,1,0,0
71961.png,1,1,0
71962.png,0,0,0
71963.png,0,0,0
71964.png,0,0,0
71965.png,0,0,0
71966.png,1,0,0
71967.png,0,0,0
71968.png,1,1,0
71969.png,0,0,0
71970.png,1,0,0
71971.png,1,1,0
71972.png,1,1,0
71973.png,1,1,0
71974.png,1,1,0
71975.png,1,0,0
71976.png,0,0,0
71977.png,0,0,0
71978.png,0,0,0
71979.png,1,0,0
71980.png,1,0,0
71981.png,1,0,0
71982.png,0,0,0
71983.png,1,0,0
71984.png,0,0,0
71985.png,0,0,0
71986.png,0,0,0
71987.png,1,0,0
71988.png,0,0,0
71989.png,1,0,0
71990.png,1,0,0
71991.png,1,0,0
71992.png,1,0,0
71993.png,0,0,0
71994.png,0,0,0
71995.png,1,1,0
71996.png,0,0,0
71997.png,0,0,0
71998.png,0,0,0
71999.png,1,0,0
72000.png,1,1,1
72001.png,1,1,0
72002.png,0,0,0
72003.png,1,1,0
72004.png,0,0,0
72005.png,1,0,0
72006.png,0,0,0
72007.png,0,0,0
72008.png,0,0,0
72009.png,0,0,0
72010.png,1,1,0
72011.png,0,0,0
72012.png,0,0,0
72013.png,1,0,0
72014.png,1,1,0
72015.png,1,1,0
72016.png,0,0,0
72017.png,1,1,1
72018.png,1,0,0
72019.png,0,0,0
72020.png,1,1,1
72021.png,0,0,0
72022.png,0,0,0
72023.png,1,0,0
72024.png,1,1,0
72025.png,0,0,0
72026.png,0,0,0
72027.png,0,0,0
72028.png,0,0,0
72029.png,1,1,0
72030.png,0,0,0
72031.png,0,0,0
72032.png,0,0,0
72033.png,1,0,0
72034.png,1,0,0
72035.png,0,0,0
72036.png,1,0,0
72037.png,0,0,0
72038.png,1,1,0
72039.png,0,0,0
72040.png,0,0,0
72041.png,0,0,0
72042.png,0,0,0
72043.png,0,0,0
72044.png,0,0,0
72045.png,1,0,0
72046.png,0,0,0
72047.png,1,0,0
72048.png,1,1,0
72049.png,1,1,0
72050.png,1,0,0
72051.png,1,0,0
72052.png,1,1,0
72053.png,0,0,0
72054.png,1,0,0
72055.png,1,1,0
72056.png,0,0,0
72057.png,1,0,0
72058.png,1,0,0
72059.png,1,1,1
72060.png,0,0,0
72061.png,0,0,0
72062.png,0,0,0
72063.png,0,0,0
72064.png,1,1,0
72065.png,0,0,0
72066.png,0,0,0
72067.png,1,0,1
72068.png,0,0,0
72069.png,1,1,0
72070.png,1,1,0
72071.png,0,0,0
72072.png,0,0,0
72073.png,0,0,0
72074.png,1,1,0
72075.png,0,0,0
72076.png,0,0,0
72077.png,0,0,0
72078.png,1,0,0
72079.png,1,1,1
72080.png,0,1,1
72081.png,0,0,0
72082.png,1,1,0
72083.png,0,0,0
72084.png,0,0,0
72085.png,1,1,1
72086.png,1,0,0
72087.png,0,0,0
72088.png,0,0,0
72089.png,0,0,0
72090.png,1,0,0
72091.png,0,0,0
72092.png,0,0,0
72093.png,0,0,0
72094.png,0,0,0
72095.png,1,0,0
72096.png,0,0,0
72097.png,0,0,0
72098.png,0,0,0
72099.png,1,0,0
72100.png,1,1,0
72101.png,0,0,0
72102.png,0,0,0
72103.png,0,0,0
72104.png,1,1,0
72105.png,0,0,0
72106.png,0,0,0
72107.png,0,0,0
72108.png,1,0,0
72109.png,1,0,0
72110.png,1,0,0
72111.png,0,0,0
72112.png,0,0,0
72113.png,1,1,0
72114.png,1,1,0
72115.png,0,0,0
72116.png,0,0,0
72117.png,0,0,1
72118.png,1,1,1
72119.png,0,0,0
72120.png,1,1,0
72121.png,1,1,0
72122.png,0,0,0
72123.png,1,0,0
72124.png,0,0,0
72125.png,0,0,0
72126.png,1,0,0
72127.png,1,0,0
72128.png,0,0,0
72129.png,1,0,0
72130.png,0,0,0
72131.png,0,0,0
72132.png,1,1,0
72133.png,0,0,0
72134.png,0,0,0
72135.png,0,0,0
72136.png,1,0,0
72137.png,1,1,1
72138.png,1,1,1
72139.png,1,0,0
72140.png,1,0,0
72141.png,0,0,0
72142.png,1,1,1
72143.png,0,0,0
72144.png,1,1,0
72145.png,1,1,0
72146.png,0,0,0
72147.png,0,0,0
72148.png,1,0,0
72149.png,1,1,1
72150.png,1,1,0
72151.png,1,1,1
72152.png,0,0,0
72153.png,0,0,1
72154.png,0,0,0
72155.png,1,1,0
72156.png,1,0,0
72157.png,1,0,0
72158.png,0,0,0
72159.png,0,0,0
72160.png,0,0,0
72161.png,1,1,0
72162.png,1,0,0
72163.png,0,0,0
72164.png,0,0,0
72165.png,0,0,0
72166.png,0,0,0
72167.png,0,0,0
72168.png,0,0,0
72169.png,0,0,0
72170.png,1,1,0
72171.png,1,0,0
72172.png,0,0,0
72173.png,0,0,0
72174.png,0,0,0
72175.png,0,0,0
72176.png,1,1,0
72177.png,0,0,0
72178.png,1,1,0
72179.png,0,0,0
72180.png,1,1,0
72181.png,0,0,0
72182.png,1,1,1
72183.png,0,0,0
72184.png,1,0,0
72185.png,1,1,0
72186.png,0,0,0
72187.png,0,0,0
72188.png,1,0,0
72189.png,1,1,1
72190.png,0,0,0
72191.png,0,0,0
72192.png,0,0,0
72193.png,1,1,1
72194.png,0,0,0
72195.png,0,0,0
72196.png,1,0,0
72197.png,1,1,0
72198.png,1,0,0
72199.png,1,1,0
72200.png,1,1,1
72201.png,0,0,0
72202.png,0,0,0
72203.png,0,0,0
72204.png,0,0,0
72205.png,1,0,0
72206.png,0,0,0
72207.png,0,0,0
72208.png,0,0,0
72209.png,0,0,0
72210.png,1,1,0
72211.png,0,0,0
72212.png,1,0,0
72213.png,1,1,0
72214.png,0,0,0
72215.png,0,0,0
72216.png,0,0,0
72217.png,1,1,1
72218.png,0,0,0
72219.png,1,0,0
72220.png,1,1,0
72221.png,0,0,0
72222.png,1,0,0
72223.png,1,0,0
72224.png,1,0,0
72225.png,0,0,0
72226.png,0,0,0
72227.png,0,0,0
72228.png,1,0,0
72229.png,0,0,0
72230.png,1,1,1
72231.png,0,0,0
72232.png,1,0,0
72233.png,0,0,0
72234.png,1,1,0
72235.png,1,1,0
72236.png,1,1,1
72237.png,0,0,0
72238.png,1,1,0
72239.png,0,0,0
72240.png,1,0,0
72241.png,1,1,0
72242.png,0,0,0
72243.png,1,0,0
72244.png,1,1,0
72245.png,1,1,1
72246.png,0,0,0
72247.png,0,0,0
72248.png,1,0,0
72249.png,0,1,0
72250.png,0,0,0
72251.png,1,0,0
72252.png,1,1,0
72253.png,1,0,0
72254.png,0,0,0
72255.png,0,0,0
72256.png,1,0,0
72257.png,1,1,1
72258.png,0,0,0
72259.png,0,0,0
72260.png,0,0,0
72261.png,1,0,0
72262.png,1,1,0
72263.png,0,0,0
72264.png,1,0,0
72265.png,0,0,0
72266.png,1,1,0
72267.png,0,0,0
72268.png,0,0,0
72269.png,0,0,0
72270.png,0,0,0
72271.png,1,1,1
72272.png,1,1,0
72273.png,0,0,0
72274.png,1,1,1
72275.png,0,0,0
72276.png,0,0,0
72277.png,1,1,1
72278.png,1,1,0
72279.png,1,1,0
72280.png,0,0,0
72281.png,1,0,0
72282.png,0,0,0
72283.png,1,0,0
72284.png,1,0,0
72285.png,0,0,0
72286.png,1,0,0
72287.png,0,0,0
72288.png,0,0,0
72289.png,0,0,0
72290.png,1,1,0
72291.png,1,1,0
72292.png,0,0,0
72293.png,0,0,0
72294.png,1,0,0
72295.png,1,0,0
72296.png,0,0,0
72297.png,1,0,0
72298.png,1,1,0
72299.png,0,0,0
72300.png,1,1,1
72301.png,1,1,1
72302.png,0,0,0
72303.png,1,1,0
72304.png,1,0,0
72305.png,0,0,0
72306.png,1,1,0
72307.png,1,1,0
72308.png,0,0,0
72309.png,0,0,0
72310.png,0,0,0
72311.png,0,0,0
72312.png,1,0,0
72313.png,1,0,0
72314.png,1,1,0
72315.png,0,0,0
72316.png,0,0,0
72317.png,0,0,0
72318.png,0,0,0
72319.png,1,0,0
72320.png,1,0,0
72321.png,0,0,0
72322.png,0,0,0
72323.png,0,0,0
72324.png,0,0,0
72325.png,0,0,0
72326.png,0,0,0
72327.png,1,1,0
72328.png,0,0,0
72329.png,1,0,0
72330.png,0,0,0
72331.png,0,0,0
72332.png,1,0,0
72333.png,1,1,0
72334.png,1,1,1
72335.png,1,1,0
72336.png,1,0,0
72337.png,0,0,0
72338.png,0,0,0
72339.png,0,0,0
72340.png,0,0,0
72341.png,0,0,0
72342.png,1,0,0
72343.png,0,0,0
72344.png,0,0,0
72345.png,1,1,0
72346.png,0,0,0
72347.png,0,0,0
72348.png,1,0,0
72349.png,1,1,0
72350.png,1,0,0
72351.png,1,1,0
72352.png,0,0,0
72353.png,0,0,0
72354.png,1,1,0
72355.png,1,0,0
72356.png,1,0,0
72357.png,0,0,0
72358.png,1,0,0
72359.png,0,0,0
72360.png,0,0,0
72361.png,0,0,0
72362.png,1,1,1
72363.png,1,0,0
72364.png,0,0,0
72365.png,1,0,0
72366.png,0,0,0
72367.png,1,0,0
72368.png,1,0,0
72369.png,0,0,0
72370.png,1,1,0
72371.png,0,0,0
72372.png,0,0,0
72373.png,1,0,0
72374.png,1,0,0
72375.png,0,0,0
72376.png,1,1,0
72377.png,0,0,0
72378.png,1,0,0
72379.png,0,0,0
72380.png,1,0,0
72381.png,1,0,0
72382.png,1,1,1
72383.png,0,0,0
72384.png,0,0,0
72385.png,1,1,0
72386.png,0,0,0
72387.png,1,1,0
72388.png,0,0,0
72389.png,1,0,0
72390.png,1,1,1
72391.png,0,0,0
72392.png,0,0,0
72393.png,1,1,1
72394.png,0,0,0
72395.png,0,0,0
72396.png,1,0,0
72397.png,1,1,0
72398.png,0,0,0
72399.png,0,0,0
72400.png,1,1,0
72401.png,0,0,0
72402.png,1,1,1
72403.png,1,0,0
72404.png,1,1,0
72405.png,0,0,0
72406.png,1,1,0
72407.png,0,0,0
72408.png,1,0,0
72409.png,0,0,0
72410.png,1,1,0
72411.png,0,0,0
72412.png,0,0,0
72413.png,1,1,0
72414.png,0,0,0
72415.png,0,0,0
72416.png,1,0,0
72417.png,0,0,0
72418.png,0,0,0
72419.png,1,1,0
72420.png,1,1,0
72421.png,0,0,0
72422.png,0,0,0
72423.png,0,0,0
72424.png,0,0,0
72425.png,0,0,0
72426.png,1,1,1
72427.png,1,0,0
72428.png,0,0,0
72429.png,1,0,0
72430.png,0,0,0
72431.png,1,0,0
72432.png,1,1,0
72433.png,1,1,0
72434.png,1,0,0
72435.png,1,0,0
72436.png,1,1,0
72437.png,0,0,0
72438.png,0,0,0
72439.png,1,0,0
72440.png,1,0,0
72441.png,0,0,0
72442.png,1,0,0
72443.png,1,0,0
72444.png,0,0,0
72445.png,1,0,0
72446.png,1,0,0
72447.png,1,0,0
72448.png,1,0,0
72449.png,1,0,0
72450.png,0,0,0
72451.png,0,0,0
72452.png,1,1,1
72453.png,0,0,0
72454.png,1,1,0
72455.png,0,0,0
72456.png,0,0,0
72457.png,0,0,0
72458.png,1,0,0
72459.png,0,0,0
72460.png,0,0,0
72461.png,1,1,0
72462.png,1,1,1
72463.png,0,0,0
72464.png,1,0,0
72465.png,0,0,0
72466.png,1,0,0
72467.png,1,1,0
72468.png,1,1,0
72469.png,0,0,0
72470.png,0,0,0
72471.png,0,0,0
72472.png,0,0,0
72473.png,1,0,0
72474.png,1,1,0
72475.png,1,0,0
72476.png,0,0,0
72477.png,0,0,0
72478.png,1,1,0
72479.png,0,0,0
72480.png,1,1,0
72481.png,1,0,0
72482.png,0,0,0
72483.png,0,0,0
72484.png,0,0,0
72485.png,0,0,0
72486.png,0,0,0
72487.png,1,1,0
72488.png,1,0,0
72489.png,0,0,0
72490.png,0,0,0
72491.png,1,1,0
72492.png,1,0,0
72493.png,1,0,0
72494.png,0,0,0
72495.png,1,0,0
72496.png,1,0,0
72497.png,0,0,0
72498.png,1,1,1
72499.png,1,1,1
72500.png,0,0,0
72501.png,1,0,0
72502.png,0,0,0
72503.png,0,0,0
72504.png,1,1,0
72505.png,1,0,0
72506.png,0,0,0
72507.png,1,0,0
72508.png,1,1,0
72509.png,0,0,0
72510.png,1,1,1
72511.png,1,1,0
72512.png,0,0,0
72513.png,1,1,0
72514.png,0,0,0
72515.png,1,0,0
72516.png,0,0,0
72517.png,0,0,0
72518.png,0,0,0
72519.png,0,0,0
72520.png,1,1,0
72521.png,0,0,0
72522.png,1,0,0
72523.png,0,1,0
72524.png,1,1,0
72525.png,0,0,0
72526.png,1,0,0
72527.png,0,0,0
72528.png,0,0,0
72529.png,1,1,0
72530.png,1,0,0
72531.png,1,0,0
72532.png,0,0,0
72533.png,1,1,1
72534.png,1,1,0
72535.png,1,0,0
72536.png,1,0,0
72537.png,0,0,0
72538.png,0,0,0
72539.png,1,0,0
72540.png,0,0,0
72541.png,0,0,0
72542.png,0,0,0
72543.png,0,0,0
72544.png,0,0,0
72545.png,1,1,1
72546.png,1,1,0
72547.png,0,0,0
72548.png,1,0,0
72549.png,1,0,0
72550.png,1,1,0
72551.png,0,0,0
72552.png,0,0,0
72553.png,1,1,0
72554.png,0,0,0
72555.png,1,0,0
72556.png,0,0,0
72557.png,0,0,0
72558.png,0,0,0
72559.png,0,0,0
72560.png,0,0,0
72561.png,0,0,0
72562.png,1,1,1
72563.png,1,0,0
72564.png,0,0,0
72565.png,0,0,0
72566.png,1,1,0
72567.png,0,0,0
72568.png,0,0,0
72569.png,0,0,0
72570.png,1,1,1
72571.png,1,1,1
72572.png,0,0,0
72573.png,0,0,0
72574.png,1,1,1
72575.png,0,0,0
72576.png,0,0,0
72577.png,0,0,0
72578.png,1,0,0
72579.png,1,1,0
72580.png,0,0,0
72581.png,0,0,0
72582.png,0,0,0
72583.png,0,0,0
72584.png,0,0,0
72585.png,1,0,0
72586.png,0,0,0
72587.png,1,1,0
72588.png,1,0,0
72589.png,1,1,1
72590.png,0,0,0
72591.png,1,1,0
72592.png,1,1,0
72593.png,0,0,0
72594.png,0,0,0
72595.png,0,0,0
72596.png,0,1,1
72597.png,1,1,1
72598.png,0,0,0
72599.png,0,0,0
72600.png,1,0,0
72601.png,0,0,0
72602.png,0,0,0
72603.png,0,0,0
72604.png,0,0,0
72605.png,0,0,0
72606.png,0,0,0
72607.png,0,0,0
72608.png,0,0,0
72609.png,1,1,1
72610.png,0,0,0
72611.png,0,0,0
72612.png,0,0,0
72613.png,1,0,0
72614.png,1,0,0
72615.png,0,0,0
72616.png,1,1,0
72617.png,0,0,0
72618.png,0,0,0
72619.png,1,0,0
72620.png,1,0,0
72621.png,0,0,0
72622.png,1,1,0
72623.png,1,0,0
72624.png,1,0,0
72625.png,0,0,0
72626.png,0,0,0
72627.png,0,0,0
72628.png,0,0,0
72629.png,1,0,0
72630.png,1,1,0
72631.png,1,0,0
72632.png,0,0,0
72633.png,1,0,0
72634.png,0,0,0
72635.png,1,1,0
72636.png,1,0,0
72637.png,0,0,0
72638.png,0,0,0
72639.png,0,0,0
72640.png,1,0,0
72641.png,1,0,0
72642.png,0,0,0
72643.png,1,1,0
72644.png,1,0,0
72645.png,0,0,0
72646.png,1,0,0
72647.png,0,0,0
72648.png,1,1,0
72649.png,1,0,0
72650.png,0,0,0
72651.png,0,0,0
72652.png,0,0,0
72653.png,0,0,0
72654.png,0,0,0
72655.png,0,0,0
72656.png,1,1,0
72657.png,0,0,0
72658.png,0,0,0
72659.png,1,0,0
72660.png,1,0,0
72661.png,0,0,0
72662.png,0,0,0
72663.png,0,0,0
72664.png,0,0,0
72665.png,0,0,0
72666.png,1,0,0
72667.png,0,0,0
72668.png,1,1,1
72669.png,0,0,0
72670.png,0,0,0
72671.png,0,0,0
72672.png,1,0,0
72673.png,1,1,0
72674.png,1,0,0
72675.png,0,0,0
72676.png,0,0,0
72677.png,1,1,0
72678.png,1,0,0
72679.png,1,1,0
72680.png,0,0,0
72681.png,0,0,0
72682.png,0,0,0
72683.png,1,1,0
72684.png,1,0,0
72685.png,0,0,0
72686.png,1,0,0
72687.png,0,0,0
72688.png,1,0,1
72689.png,0,0,0
72690.png,0,0,0
72691.png,0,0,0
72692.png,0,0,0
72693.png,0,0,0
72694.png,0,0,0
72695.png,1,0,0
72696.png,1,1,0
72697.png,0,0,0
72698.png,0,0,0
72699.png,0,0,0
72700.png,1,0,0
72701.png,0,0,0
72702.png,1,1,1
72703.png,0,0,0
72704.png,0,0,0
72705.png,1,0,0
72706.png,1,0,0
72707.png,1,1,0
72708.png,1,1,0
72709.png,1,1,1
72710.png,1,1,0
72711.png,0,0,0
72712.png,1,0,0
72713.png,0,0,0
72714.png,1,1,1
72715.png,1,1,0
72716.png,0,0,0
72717.png,1,0,0
72718.png,0,0,0
72719.png,1,0,0
72720.png,0,0,0
72721.png,1,1,0
72722.png,0,0,0
72723.png,0,0,0
72724.png,1,1,1
72725.png,1,0,0
72726.png,0,0,0
72727.png,0,0,0
72728.png,1,0,0
72729.png,0,0,0
72730.png,0,0,0
72731.png,0,0,0
72732.png,0,0,0
72733.png,1,1,0
72734.png,1,0,0
72735.png,1,1,1
72736.png,0,0,0
72737.png,0,0,0
72738.png,1,0,0
72739.png,1,1,1
72740.png,0,0,0
72741.png,0,0,0
72742.png,1,0,0
72743.png,0,0,0
72744.png,1,1,0
72745.png,0,0,0
72746.png,0,0,0
72747.png,0,0,0
72748.png,1,0,0
72749.png,0,0,0
72750.png,1,0,0
72751.png,0,0,0
72752.png,0,0,0
72753.png,0,0,0
72754.png,0,0,0
72755.png,1,1,0
72756.png,1,1,0
72757.png,0,0,0
72758.png,1,0,0
72759.png,1,1,0
72760.png,1,0,1
72761.png,0,0,0
72762.png,1,0,0
72763.png,1,1,0
72764.png,1,1,0
72765.png,0,0,0
72766.png,0,0,0
72767.png,0,0,0
72768.png,1,0,0
72769.png,1,1,1
72770.png,1,0,0
72771.png,0,0,0
72772.png,0,0,0
72773.png,0,0,0
72774.png,0,0,0
72775.png,0,0,0
72776.png,0,0,0
72777.png,1,1,1
72778.png,0,0,0
72779.png,0,0,0
72780.png,1,1,0
72781.png,0,0,0
72782.png,0,0,0
72783.png,0,0,0
72784.png,0,0,0
72785.png,1,1,0
72786.png,1,0,0
72787.png,1,1,1
72788.png,0,0,0
72789.png,0,0,0
72790.png,0,1,1
72791.png,0,0,0
72792.png,0,0,0
72793.png,0,0,0
72794.png,0,0,0
72795.png,0,0,0
72796.png,1,0,0
72797.png,1,1,0
72798.png,1,1,1
72799.png,0,0,0
72800.png,0,0,0
72801.png,1,0,0
72802.png,1,1,0
72803.png,0,0,0
72804.png,0,0,0
72805.png,1,1,0
72806.png,0,0,0
72807.png,1,0,0
72808.png,1,0,0
72809.png,1,1,0
72810.png,1,0,0
72811.png,0,0,0
72812.png,0,0,0
72813.png,1,1,1
72814.png,0,0,0
72815.png,1,1,1
72816.png,1,1,1
72817.png,0,0,0
72818.png,0,0,0
72819.png,0,0,0
72820.png,0,0,0
72821.png,0,0,0
72822.png,0,0,0
72823.png,0,0,0
72824.png,1,1,1
72825.png,0,0,0
72826.png,1,0,0
72827.png,0,0,0
72828.png,0,0,0
72829.png,1,0,0
72830.png,1,1,0
72831.png,1,0,0
72832.png,1,1,0
72833.png,0,0,0
72834.png,0,0,0
72835.png,0,0,0
72836.png,1,1,0
72837.png,0,0,0
72838.png,0,0,0
72839.png,0,0,0
72840.png,0,0,0
72841.png,0,0,0
72842.png,0,0,0
72843.png,0,0,0
72844.png,0,0,0
72845.png,1,0,0
72846.png,1,1,0
72847.png,1,0,0
72848.png,1,0,0
72849.png,1,1,0
72850.png,0,0,0
72851.png,1,1,0
72852.png,0,0,0
72853.png,1,1,0
72854.png,0,0,0
72855.png,0,0,0
72856.png,0,0,0
72857.png,0,0,0
72858.png,0,0,0
72859.png,0,0,0
72860.png,0,0,0
72861.png,0,0,0
72862.png,0,0,0
72863.png,0,0,0
72864.png,0,0,0
72865.png,1,0,0
72866.png,1,1,1
72867.png,0,0,0
72868.png,0,0,0
72869.png,0,0,0
72870.png,1,1,1
72871.png,0,0,0
72872.png,1,0,0
72873.png,0,0,0
72874.png,0,0,0
72875.png,0,0,0
72876.png,0,0,0
72877.png,0,0,0
72878.png,0,0,0
72879.png,0,0,0
72880.png,1,0,0
72881.png,0,0,0
72882.png,0,0,0
72883.png,0,0,0
72884.png,0,0,0
72885.png,0,0,0
72886.png,1,1,0
72887.png,1,1,0
72888.png,0,0,0
72889.png,1,0,0
72890.png,1,1,0
72891.png,1,1,0
72892.png,0,0,0
72893.png,1,0,0
72894.png,1,1,0
72895.png,1,1,0
72896.png,1,1,1
72897.png,0,0,0
72898.png,0,0,0
72899.png,1,0,0
72900.png,0,0,0
72901.png,0,0,0
72902.png,0,0,0
72903.png,0,0,0
72904.png,1,0,0
72905.png,0,0,0
72906.png,0,1,1
72907.png,1,0,0
72908.png,0,0,0
72909.png,0,0,0
72910.png,1,0,1
72911.png,1,0,0
72912.png,1,1,1
72913.png,0,0,0
72914.png,0,0,0
72915.png,1,1,0
72916.png,0,0,0
72917.png,0,0,0
72918.png,1,0,0
72919.png,0,0,0
72920.png,0,0,0
72921.png,1,0,0
72922.png,0,0,0
72923.png,1,0,0
72924.png,1,1,0
72925.png,1,0,0
72926.png,1,1,1
72927.png,1,1,0
72928.png,1,0,0
72929.png,0,0,0
72930.png,0,0,0
72931.png,0,0,0
72932.png,1,1,0
72933.png,0,0,0
72934.png,0,0,0
72935.png,1,1,0
72936.png,1,1,0
72937.png,1,1,0
72938.png,1,0,0
72939.png,1,1,1
72940.png,0,0,0
72941.png,0,0,0
72942.png,1,1,0
72943.png,0,0,0
72944.png,0,0,0
72945.png,1,0,0
72946.png,1,0,0
72947.png,0,0,0
72948.png,0,0,0
72949.png,0,0,0
72950.png,0,0,0
72951.png,0,0,0
72952.png,1,1,0
72953.png,0,0,0
72954.png,0,0,0
72955.png,0,0,0
72956.png,0,0,0
72957.png,1,1,0
72958.png,0,0,0
72959.png,1,1,0
72960.png,0,0,0
72961.png,0,0,0
72962.png,0,0,0
72963.png,1,1,1
72964.png,1,0,0
72965.png,1,0,0
72966.png,0,0,0
72967.png,0,0,0
72968.png,1,1,0
72969.png,1,0,0
72970.png,1,1,0
72971.png,0,0,0
72972.png,0,0,0
72973.png,0,0,0
72974.png,1,0,0
72975.png,1,1,0
72976.png,1,1,0
72977.png,0,1,0
72978.png,0,0,0
72979.png,0,0,0
72980.png,1,1,1
72981.png,0,0,0
72982.png,0,0,0
72983.png,0,0,0
72984.png,0,0,0
72985.png,0,0,0
72986.png,1,1,0
72987.png,1,1,0
72988.png,1,1,0
72989.png,0,0,0
72990.png,1,1,1
72991.png,0,0,0
72992.png,1,1,1
72993.png,0,0,0
72994.png,1,0,0
72995.png,0,0,0
72996.png,1,0,0
72997.png,0,0,0
72998.png,0,0,0
72999.png,1,0,0
73000.png,0,0,0
73001.png,0,0,0
73002.png,0,0,0
73003.png,0,0,0
73004.png,1,0,0
73005.png,1,0,0
73006.png,0,0,0
73007.png,0,0,0
73008.png,1,1,1
73009.png,0,0,0
73010.png,1,0,0
73011.png,0,0,0
73012.png,1,1,0
73013.png,0,0,0
73014.png,0,0,0
73015.png,1,1,1
73016.png,1,0,0
73017.png,0,0,1
73018.png,1,0,0
73019.png,0,0,0
73020.png,0,0,0
73021.png,1,1,1
73022.png,0,0,0
73023.png,0,0,0
73024.png,1,1,0
73025.png,1,1,0
73026.png,0,0,0
73027.png,0,0,0
73028.png,1,0,0
73029.png,1,0,0
73030.png,1,1,1
73031.png,0,0,0
73032.png,0,0,0
73033.png,1,0,0
73034.png,0,0,0
73035.png,0,0,0
73036.png,1,1,0
73037.png,1,1,0
73038.png,1,0,0
73039.png,0,0,0
73040.png,1,0,0
73041.png,0,0,0
73042.png,0,0,0
73043.png,0,0,0
73044.png,1,1,0
73045.png,0,0,0
73046.png,0,0,0
73047.png,1,1,0
73048.png,1,1,0
73049.png,1,1,0
73050.png,0,0,0
73051.png,1,1,1
73052.png,0,0,0
73053.png,1,1,0
73054.png,0,0,0
73055.png,1,0,0
73056.png,0,0,0
73057.png,0,0,0
73058.png,0,0,0
73059.png,1,0,0
73060.png,1,1,0
73061.png,1,1,0
73062.png,1,1,0
73063.png,1,0,0
73064.png,0,0,0
73065.png,1,1,0
73066.png,0,0,0
73067.png,0,0,0
73068.png,0,0,0
73069.png,0,0,0
73070.png,0,0,0
73071.png,1,1,0
73072.png,1,0,0
73073.png,1,0,0
73074.png,0,0,0
73075.png,0,0,0
73076.png,0,1,1
73077.png,0,0,0
73078.png,0,0,0
73079.png,0,0,0
73080.png,0,0,0
73081.png,1,1,0
73082.png,0,0,0
73083.png,0,0,0
73084.png,0,0,0
73085.png,1,1,1
73086.png,0,0,0
73087.png,1,1,0
73088.png,0,0,0
73089.png,0,0,0
73090.png,0,0,0
73091.png,0,0,0
73092.png,1,1,0
73093.png,0,0,0
73094.png,0,0,0
73095.png,1,1,0
73096.png,0,0,0
73097.png,1,1,0
73098.png,0,0,0
73099.png,1,1,1
73100.png,0,0,0
73101.png,0,0,0
73102.png,0,0,0
73103.png,1,1,1
73104.png,0,0,0
73105.png,0,0,0
73106.png,1,1,0
73107.png,0,0,0
73108.png,1,1,0
73109.png,0,0,0
73110.png,0,0,0
73111.png,0,0,0
73112.png,1,1,1
73113.png,1,0,0
73114.png,0,0,0
73115.png,0,0,0
73116.png,1,1,0
73117.png,0,0,0
73118.png,0,0,0
73119.png,1,0,0
73120.png,1,0,0
73121.png,1,1,1
73122.png,1,0,0
73123.png,1,1,0
73124.png,0,0,0
73125.png,1,1,0
73126.png,1,1,1
73127.png,1,0,0
73128.png,0,0,0
73129.png,1,1,0
73130.png,1,1,0
73131.png,1,1,0
73132.png,1,1,0
73133.png,0,0,0
73134.png,0,0,0
73135.png,0,0,0
73136.png,0,0,0
73137.png,0,0,0
73138.png,1,0,0
73139.png,1,0,0
73140.png,1,0,0
73141.png,0,0,0
73142.png,1,0,0
73143.png,0,0,0
73144.png,0,0,0
73145.png,1,1,0
73146.png,1,1,0
73147.png,1,0,0
73148.png,0,0,0
73149.png,1,0,0
73150.png,0,0,0
73151.png,1,0,0
73152.png,1,0,0
73153.png,0,0,0
73154.png,0,0,0
73155.png,0,0,0
73156.png,0,0,0
73157.png,1,1,0
73158.png,1,0,0
73159.png,1,0,0
73160.png,1,1,0
73161.png,0,0,0
73162.png,1,1,0
73163.png,0,0,0
73164.png,0,0,0
73165.png,0,0,0
73166.png,0,0,0
73167.png,1,0,0
73168.png,0,0,0
73169.png,1,0,0
73170.png,1,0,0
73171.png,0,0,0
73172.png,1,0,0
73173.png,0,0,0
73174.png,0,0,0
73175.png,0,0,0
73176.png,1,1,0
73177.png,1,1,0
73178.png,1,0,0
73179.png,0,0,0
73180.png,0,0,0
73181.png,0,0,0
73182.png,1,1,1
73183.png,1,0,0
73184.png,1,1,0
73185.png,1,1,0
73186.png,1,1,0
73187.png,1,0,0
73188.png,0,0,0
73189.png,0,0,0
73190.png,0,0,0
73191.png,1,1,1
73192.png,0,0,0
73193.png,1,1,1
73194.png,0,0,0
73195.png,1,1,0
73196.png,1,0,0
73197.png,1,1,1
73198.png,1,1,0
73199.png,0,0,0
73200.png,1,1,0
73201.png,0,0,0
73202.png,1,1,1
73203.png,0,0,0
73204.png,1,1,0
73205.png,1,1,0
73206.png,0,0,0
73207.png,1,1,0
73208.png,1,0,0
73209.png,0,0,0
73210.png,1,0,0
73211.png,0,0,0
73212.png,1,1,0
73213.png,1,0,0
73214.png,0,0,0
73215.png,0,0,0
73216.png,1,1,1
73217.png,0,0,0
73218.png,0,0,0
73219.png,1,0,0
73220.png,0,0,0
73221.png,0,0,0
73222.png,0,0,0
73223.png,0,0,0
73224.png,1,0,0
73225.png,0,0,0
73226.png,1,0,0
73227.png,1,1,0
73228.png,1,0,0
73229.png,0,0,0
73230.png,1,1,0
73231.png,1,1,0
73232.png,1,0,0
73233.png,0,0,0
73234.png,0,0,0
73235.png,1,1,0
73236.png,1,1,1
73237.png,0,0,0
73238.png,1,0,0
73239.png,0,0,0
73240.png,0,0,0
73241.png,1,0,0
73242.png,0,0,0
73243.png,0,0,0
73244.png,0,0,0
73245.png,1,1,1
73246.png,0,0,0
73247.png,0,0,0
73248.png,0,0,0
73249.png,0,0,0
73250.png,0,0,0
73251.png,0,0,0
73252.png,0,0,0
73253.png,1,0,0
73254.png,0,0,0
73255.png,1,1,1
73256.png,0,0,0
73257.png,0,0,0
73258.png,0,0,0
73259.png,1,0,0
73260.png,1,1,0
73261.png,0,0,0
73262.png,0,0,0
73263.png,1,1,0
73264.png,1,1,0
73265.png,0,0,0
73266.png,1,1,0
73267.png,0,0,0
73268.png,0,0,0
73269.png,1,1,1
73270.png,1,0,0
73271.png,0,0,0
73272.png,0,0,0
73273.png,1,1,0
73274.png,0,0,0
73275.png,0,0,0
73276.png,1,0,0
73277.png,1,1,0
73278.png,0,0,0
73279.png,0,0,0
73280.png,0,0,0
73281.png,1,0,0
73282.png,0,0,0
73283.png,1,1,0
73284.png,1,0,0
73285.png,1,0,0
73286.png,1,0,0
73287.png,0,0,0
73288.png,0,0,0
73289.png,1,1,0
73290.png,0,0,0
73291.png,1,0,0
73292.png,0,0,0
73293.png,1,1,0
73294.png,0,0,0
73295.png,1,0,0
73296.png,0,0,0
73297.png,1,1,0
73298.png,1,1,0
73299.png,0,0,0
73300.png,1,1,0
73301.png,0,0,0
73302.png,1,1,0
73303.png,0,0,0
73304.png,1,1,1
73305.png,0,0,0
73306.png,0,0,0
73307.png,1,0,0
73308.png,1,0,0
73309.png,0,0,0
73310.png,1,1,0
73311.png,1,0,0
73312.png,1,0,0
73313.png,1,1,0
73314.png,0,0,0
73315.png,0,0,0
73316.png,0,0,0
73317.png,0,0,0
73318.png,1,1,0
73319.png,0,0,0
73320.png,1,1,1
73321.png,0,0,0
73322.png,1,1,0
73323.png,0,0,0
73324.png,1,1,0
73325.png,0,0,0
73326.png,1,0,0
73327.png,1,0,0
73328.png,0,0,0
73329.png,0,0,0
73330.png,1,0,0
73331.png,0,0,0
73332.png,0,0,0
73333.png,1,1,1
73334.png,0,0,0
73335.png,1,1,0
73336.png,1,0,0
73337.png,1,1,0
73338.png,1,1,0
73339.png,0,0,0
73340.png,1,1,0
73341.png,1,0,0
73342.png,0,0,0
73343.png,0,0,0
73344.png,0,0,0
73345.png,0,0,0
73346.png,0,0,0
73347.png,1,1,1
73348.png,0,0,0
73349.png,1,0,0
73350.png,0,0,0
73351.png,0,0,0
73352.png,0,0,0
73353.png,0,0,0
73354.png,0,0,0
73355.png,0,0,0
73356.png,1,1,0
73357.png,1,1,0
73358.png,0,0,0
73359.png,1,1,0
73360.png,1,1,1
73361.png,0,0,0
73362.png,1,1,0
73363.png,1,0,0
73364.png,0,0,0
73365.png,1,1,0
73366.png,0,0,0
73367.png,0,0,0
73368.png,0,0,0
73369.png,0,0,0
73370.png,0,0,0
73371.png,0,0,0
73372.png,0,0,0
73373.png,0,0,0
73374.png,0,0,0
73375.png,1,0,0
73376.png,0,0,0
73377.png,1,1,0
73378.png,1,0,0
73379.png,1,0,0
73380.png,1,1,0
73381.png,1,0,0
73382.png,1,0,0
73383.png,1,1,0
73384.png,0,0,0
73385.png,0,0,0
73386.png,0,0,0
73387.png,1,0,1
73388.png,1,0,0
73389.png,1,1,0
73390.png,1,1,0
73391.png,0,0,0
73392.png,0,0,0
73393.png,0,0,0
73394.png,1,0,0
73395.png,0,0,0
73396.png,0,0,0
73397.png,0,0,0
73398.png,1,1,0
73399.png,0,0,0
73400.png,0,0,0
73401.png,1,1,0
73402.png,0,0,0
73403.png,0,0,0
73404.png,1,1,1
73405.png,1,0,0
73406.png,0,0,0
73407.png,1,0,0
73408.png,1,0,0
73409.png,0,0,0
73410.png,1,1,0
73411.png,0,0,0
73412.png,0,0,0
73413.png,0,0,0
73414.png,1,1,0
73415.png,0,0,0
73416.png,1,0,0
73417.png,0,0,0
73418.png,1,0,0
73419.png,1,1,0
73420.png,0,0,0
73421.png,1,1,1
73422.png,0,0,0
73423.png,0,0,0
73424.png,0,0,0
73425.png,1,1,0
73426.png,0,0,0
73427.png,1,0,0
73428.png,0,0,1
73429.png,0,0,0
73430.png,1,1,1
73431.png,0,0,0
73432.png,1,0,0
73433.png,0,0,0
73434.png,1,1,0
73435.png,1,0,0
73436.png,1,0,0
73437.png,0,0,0
73438.png,0,0,0
73439.png,0,0,0
73440.png,1,1,0
73441.png,1,0,0
73442.png,1,0,0
73443.png,0,0,0
73444.png,0,0,0
73445.png,0,0,0
73446.png,1,0,0
73447.png,0,0,0
73448.png,0,0,0
73449.png,0,0,0
73450.png,1,1,0
73451.png,1,1,0
73452.png,0,0,0
73453.png,0,0,0
73454.png,1,0,0
73455.png,1,0,0
73456.png,0,0,0
73457.png,0,0,0
73458.png,1,1,1
73459.png,0,0,0
73460.png,0,0,0
73461.png,1,0,0
73462.png,0,0,0
73463.png,1,1,0
73464.png,1,1,1
73465.png,0,0,0
73466.png,0,0,0
73467.png,1,0,0
73468.png,1,0,0
73469.png,0,0,0
73470.png,0,0,0
73471.png,0,0,0
73472.png,0,0,0
73473.png,1,0,0
73474.png,0,0,0
73475.png,0,0,0
73476.png,0,0,0
73477.png,1,0,0
73478.png,1,1,0
73479.png,0,0,0
73480.png,1,0,0
73481.png,0,0,0
73482.png,1,0,0
73483.png,0,0,0
73484.png,0,0,0
73485.png,1,1,0
73486.png,0,0,0
73487.png,1,0,0
73488.png,1,1,0
73489.png,0,0,0
73490.png,0,0,0
73491.png,0,0,0
73492.png,1,1,0
73493.png,0,0,0
73494.png,0,0,0
73495.png,1,1,0
73496.png,1,1,0
73497.png,0,0,0
73498.png,0,0,0
73499.png,1,1,1
73500.png,0,0,0
73501.png,1,0,0
73502.png,1,1,0
73503.png,0,0,0
73504.png,0,0,0
73505.png,1,0,0
73506.png,0,0,0
73507.png,0,0,0
73508.png,0,1,1
73509.png,0,0,0
73510.png,0,0,0
73511.png,0,0,0
73512.png,0,0,0
73513.png,0,0,0
73514.png,1,0,0
73515.png,0,0,0
73516.png,1,0,1
73517.png,0,0,0
73518.png,0,0,0
73519.png,0,0,0
73520.png,0,0,0
73521.png,0,0,0
73522.png,1,1,1
73523.png,1,1,1
73524.png,1,1,0
73525.png,0,0,0
73526.png,0,0,0
73527.png,1,1,1
73528.png,0,0,0
73529.png,0,0,0
73530.png,0,0,0
73531.png,1,1,1
73532.png,1,0,0
73533.png,1,1,1
73534.png,1,1,0
73535.png,1,1,0
73536.png,1,1,1
73537.png,0,0,0
73538.png,1,1,0
73539.png,1,1,0
73540.png,1,0,0
73541.png,0,0,0
73542.png,0,0,0
73543.png,0,0,0
73544.png,1,0,0
73545.png,0,0,0
73546.png,0,0,0
73547.png,1,1,1
73548.png,1,1,0
73549.png,0,0,0
73550.png,0,0,0
73551.png,1,1,0
73552.png,1,0,0
73553.png,1,1,0
73554.png,0,1,0
73555.png,0,0,0
73556.png,1,1,0
73557.png,0,0,0
73558.png,0,0,0
73559.png,1,1,0
73560.png,0,0,0
73561.png,0,0,0
73562.png,0,0,0
73563.png,0,0,0
73564.png,0,0,0
73565.png,0,0,0
73566.png,1,1,0
73567.png,0,0,0
73568.png,1,1,0
73569.png,1,0,0
73570.png,0,0,0
73571.png,0,0,0
73572.png,1,0,0
73573.png,0,0,0
73574.png,0,0,0
73575.png,1,1,1
73576.png,0,0,0
73577.png,1,0,0
73578.png,1,1,0
73579.png,0,0,0
73580.png,0,0,0
73581.png,1,1,0
73582.png,0,0,0
73583.png,0,0,0
73584.png,0,0,0
73585.png,0,0,0
73586.png,0,0,0
73587.png,1,1,0
73588.png,1,1,0
73589.png,1,0,0
73590.png,1,0,0
73591.png,0,0,0
73592.png,0,0,0
73593.png,1,0,0
73594.png,0,0,0
73595.png,1,1,1
73596.png,0,0,0
73597.png,0,0,0
73598.png,1,0,0
73599.png,0,0,0
73600.png,0,0,0
73601.png,1,1,0
73602.png,1,0,0
73603.png,0,0,0
73604.png,0,0,0
73605.png,0,0,0
73606.png,0,0,0
73607.png,0,0,0
73608.png,1,1,0
73609.png,0,0,0
73610.png,0,0,0
73611.png,0,0,0
73612.png,0,0,0
73613.png,0,0,0
73614.png,0,0,0
73615.png,1,0,0
73616.png,0,0,0
73617.png,0,0,0
73618.png,0,0,0
73619.png,1,0,0
73620.png,1,0,0
73621.png,0,0,0
73622.png,1,0,0
73623.png,0,0,0
73624.png,0,0,0
73625.png,0,0,0
73626.png,1,0,0
73627.png,0,0,0
73628.png,1,1,1
73629.png,0,0,0
73630.png,1,1,0
73631.png,0,0,0
73632.png,0,0,0
73633.png,1,0,0
73634.png,0,0,0
73635.png,1,1,0
73636.png,1,1,0
73637.png,1,1,0
73638.png,0,0,0
73639.png,0,0,0
73640.png,1,1,1
73641.png,1,1,1
73642.png,0,0,0
73643.png,1,1,1
73644.png,1,0,0
73645.png,0,0,0
73646.png,1,0,0
73647.png,0,0,0
73648.png,1,0,0
73649.png,1,1,0
73650.png,0,0,0
73651.png,0,0,0
73652.png,1,0,0
73653.png,0,0,0
73654.png,0,0,0
73655.png,0,0,0
73656.png,1,0,0
73657.png,1,1,0
73658.png,0,0,0
73659.png,1,1,1
73660.png,0,0,0
73661.png,1,0,0
73662.png,1,0,0
73663.png,1,1,1
73664.png,0,0,0
73665.png,0,0,0
73666.png,0,0,0
73667.png,1,0,0
73668.png,0,0,0
73669.png,0,0,0
73670.png,0,0,0
73671.png,0,0,0
73672.png,0,0,0
73673.png,0,0,0
73674.png,1,1,1
73675.png,0,0,0
73676.png,0,0,0
73677.png,1,1,0
73678.png,0,0,0
73679.png,0,0,0
73680.png,0,0,0
73681.png,1,1,0
73682.png,0,0,0
73683.png,0,0,0
73684.png,0,0,0
73685.png,1,1,0
73686.png,1,1,0
73687.png,1,0,0
73688.png,1,1,0
73689.png,0,0,0
73690.png,0,0,0
73691.png,0,0,0
73692.png,1,1,0
73693.png,0,0,0
73694.png,0,0,0
73695.png,1,1,1
73696.png,1,1,0
73697.png,0,0,0
73698.png,1,1,0
73699.png,1,1,0
73700.png,0,0,0
73701.png,1,1,0
73702.png,1,0,0
73703.png,1,0,0
73704.png,1,1,0
73705.png,1,0,0
73706.png,1,1,0
73707.png,1,0,0
73708.png,0,0,0
73709.png,0,0,0
73710.png,1,0,0
73711.png,1,0,0
73712.png,0,0,0
73713.png,0,0,0
73714.png,0,0,0
73715.png,1,1,0
73716.png,0,0,0
73717.png,1,0,0
73718.png,0,0,0
73719.png,0,0,0
73720.png,0,0,0
73721.png,0,0,0
73722.png,1,1,0
73723.png,1,0,0
73724.png,1,1,0
73725.png,0,0,0
73726.png,1,1,0
73727.png,0,0,0
73728.png,1,0,0
73729.png,0,0,0
73730.png,1,0,0
73731.png,1,0,0
73732.png,1,1,0
73733.png,1,0,0
73734.png,1,1,0
73735.png,0,0,0
73736.png,1,1,0
73737.png,0,0,0
73738.png,0,0,0
73739.png,1,0,0
73740.png,0,0,0
73741.png,1,1,0
73742.png,0,0,0
73743.png,1,1,0
73744.png,0,0,0
73745.png,0,0,0
73746.png,1,1,1
73747.png,0,0,0
73748.png,1,0,0
73749.png,0,0,0
73750.png,1,1,0
73751.png,1,1,0
73752.png,0,0,0
73753.png,1,1,0
73754.png,1,1,0
73755.png,0,0,0
73756.png,1,0,0
73757.png,1,1,1
73758.png,0,0,0
73759.png,1,1,1
73760.png,0,0,0
73761.png,1,1,1
73762.png,1,1,0
73763.png,0,0,0
73764.png,1,1,1
73765.png,0,0,0
73766.png,0,0,0
73767.png,1,1,0
73768.png,0,0,0
73769.png,1,0,0
73770.png,0,0,0
73771.png,1,0,0
73772.png,1,0,0
73773.png,0,0,0
73774.png,0,0,0
73775.png,0,0,0
73776.png,1,0,0
73777.png,0,0,0
73778.png,0,0,0
73779.png,0,0,0
73780.png,0,0,0
73781.png,0,0,0
73782.png,0,0,0
73783.png,0,0,0
73784.png,0,0,0
73785.png,0,0,0
73786.png,0,0,0
73787.png,1,1,0
73788.png,0,0,0
73789.png,0,0,0
73790.png,0,0,0
73791.png,1,0,0
73792.png,1,0,0
73793.png,0,0,0
73794.png,1,0,0
73795.png,1,1,0
73796.png,1,1,1
73797.png,1,0,0
73798.png,0,0,0
73799.png,0,0,0
73800.png,1,1,0
73801.png,1,0,0
73802.png,1,1,0
73803.png,0,0,0
73804.png,1,0,0
73805.png,0,0,0
73806.png,1,1,1
73807.png,0,0,0
73808.png,0,0,0
73809.png,0,0,0
73810.png,0,0,0
73811.png,1,1,0
73812.png,1,0,0
73813.png,1,1,0
73814.png,0,0,0
73815.png,1,1,0
73816.png,1,0,0
73817.png,0,0,0
73818.png,0,0,0
73819.png,1,1,0
73820.png,1,1,0
73821.png,0,0,0
73822.png,0,0,0
73823.png,1,1,0
73824.png,0,0,0
73825.png,0,0,0
73826.png,0,0,0
73827.png,0,0,0
73828.png,0,0,0
73829.png,1,1,0
73830.png,0,0,0
73831.png,1,0,0
73832.png,1,1,0
73833.png,0,0,0
73834.png,1,1,0
73835.png,0,0,0
73836.png,1,1,1
73837.png,1,1,0
73838.png,1,0,0
73839.png,1,1,0
73840.png,0,0,0
73841.png,1,0,0
73842.png,0,0,0
73843.png,1,0,0
73844.png,1,1,1
73845.png,1,1,1
73846.png,1,1,0
73847.png,0,0,0
73848.png,1,1,0
73849.png,0,0,0
73850.png,0,0,0
73851.png,0,0,0
73852.png,1,1,0
73853.png,1,1,0
73854.png,0,0,0
73855.png,0,0,0
73856.png,0,0,0
73857.png,0,0,0
73858.png,1,0,0
73859.png,0,0,0
73860.png,1,1,0
73861.png,1,1,0
73862.png,1,1,0
73863.png,1,1,0
73864.png,0,0,0
73865.png,0,0,0
73866.png,0,0,0
73867.png,1,0,0
73868.png,0,0,0
73869.png,1,0,0
73870.png,1,1,0
73871.png,1,0,0
73872.png,0,0,0
73873.png,0,0,0
73874.png,1,1,0
73875.png,1,0,0
73876.png,1,0,0
73877.png,0,0,0
73878.png,0,0,0
73879.png,0,0,0
73880.png,1,0,0
73881.png,0,0,0
73882.png,0,0,0
73883.png,1,0,0
73884.png,0,0,0
73885.png,0,0,0
73886.png,0,0,0
73887.png,0,0,0
73888.png,0,0,0
73889.png,1,1,0
73890.png,1,1,0
73891.png,0,0,0
73892.png,0,0,0
73893.png,0,0,0
73894.png,1,1,1
73895.png,1,1,1
73896.png,1,0,0
73897.png,0,0,0
73898.png,1,0,0
73899.png,0,0,0
73900.png,0,0,0
73901.png,0,0,0
73902.png,1,1,1
73903.png,0,0,0
73904.png,0,0,0
73905.png,1,1,1
73906.png,0,0,0
73907.png,0,0,0
73908.png,0,1,0
73909.png,1,0,0
73910.png,0,0,0
73911.png,0,0,0
73912.png,1,1,0
73913.png,1,1,0
73914.png,0,0,0
73915.png,0,0,0
73916.png,0,0,0
73917.png,0,0,0
73918.png,0,0,0
73919.png,1,1,0
73920.png,1,1,0
73921.png,1,1,0
73922.png,1,1,0
73923.png,1,1,1
73924.png,1,1,1
73925.png,1,0,0
73926.png,1,1,0
73927.png,1,0,0
73928.png,0,0,0
73929.png,1,1,0
73930.png,0,0,0
73931.png,0,0,0
73932.png,0,0,0
73933.png,1,1,1
73934.png,1,0,0
73935.png,1,1,1
73936.png,0,0,0
73937.png,0,0,0
73938.png,0,0,0
73939.png,1,1,0
73940.png,1,1,0
73941.png,0,0,0
73942.png,1,1,0
73943.png,0,0,0
73944.png,1,0,0
73945.png,0,0,0
73946.png,0,0,0
73947.png,0,0,0
73948.png,1,1,1
73949.png,0,0,0
73950.png,0,0,0
73951.png,1,1,1
73952.png,1,1,1
73953.png,0,0,0
73954.png,1,0,0
73955.png,1,0,0
73956.png,1,0,0
73957.png,0,0,0
73958.png,0,0,0
73959.png,0,0,0
73960.png,0,0,0
73961.png,0,0,0
73962.png,1,1,0
73963.png,1,0,0
73964.png,1,0,0
73965.png,1,1,1
73966.png,0,1,0
73967.png,1,1,0
73968.png,0,0,0
73969.png,0,0,0
73970.png,1,0,1
73971.png,0,0,0
73972.png,0,0,0
73973.png,1,1,0
73974.png,1,0,0
73975.png,0,0,0
73976.png,0,0,0
73977.png,0,0,0
73978.png,0,0,0
73979.png,1,0,0
73980.png,1,0,0
73981.png,0,0,0
73982.png,0,0,0
73983.png,0,0,0
73984.png,1,0,0
73985.png,1,1,1
73986.png,0,0,0
73987.png,1,1,1
73988.png,0,0,0
73989.png,0,0,0
73990.png,1,0,0
73991.png,0,0,0
73992.png,0,0,0
73993.png,0,0,0
73994.png,0,0,0
73995.png,1,1,1
73996.png,0,0,0
73997.png,0,0,0
73998.png,0,0,0
73999.png,1,0,0
74000.png,0,0,0
74001.png,0,0,0
74002.png,1,1,0
74003.png,1,0,0
74004.png,1,0,0
74005.png,1,0,0
74006.png,0,0,0
74007.png,0,0,0
74008.png,0,0,0
74009.png,1,0,0
74010.png,1,0,0
74011.png,1,1,0
74012.png,1,1,0
74013.png,0,0,0
74014.png,1,1,0
74015.png,0,0,0
74016.png,0,0,0
74017.png,0,0,0
74018.png,0,0,0
74019.png,1,0,0
74020.png,0,0,0
74021.png,0,0,0
74022.png,0,0,0
74023.png,0,0,0
74024.png,1,1,1
74025.png,1,1,1
74026.png,0,0,0
74027.png,0,0,0
74028.png,0,0,0
74029.png,1,0,0
74030.png,1,1,0
74031.png,0,0,0
74032.png,1,1,1
74033.png,0,0,0
74034.png,0,0,0
74035.png,0,0,0
74036.png,1,1,0
74037.png,0,0,0
74038.png,0,0,0
74039.png,1,1,1
74040.png,0,0,0
74041.png,1,1,1
74042.png,0,0,0
74043.png,0,0,0
74044.png,0,0,0
74045.png,0,0,0
74046.png,0,0,0
74047.png,0,0,0
74048.png,1,0,0
74049.png,1,1,0
74050.png,0,0,0
74051.png,0,0,0
74052.png,0,0,0
74053.png,0,1,0
74054.png,0,0,0
74055.png,0,0,0
74056.png,0,0,0
74057.png,0,0,0
74058.png,1,1,1
74059.png,0,0,0
74060.png,0,0,0
74061.png,0,0,0
74062.png,1,0,0
74063.png,0,0,0
74064.png,1,1,0
74065.png,1,1,0
74066.png,1,1,1
74067.png,0,0,0
74068.png,0,0,0
74069.png,0,0,0
74070.png,0,0,0
74071.png,0,0,0
74072.png,0,0,0
74073.png,0,0,0
74074.png,1,0,0
74075.png,1,0,0
74076.png,1,1,1
74077.png,1,0,0
74078.png,0,0,0
74079.png,1,1,1
74080.png,0,0,0
74081.png,1,0,0
74082.png,0,0,0
74083.png,0,0,0
74084.png,1,0,1
74085.png,1,0,0
74086.png,0,0,0
74087.png,0,0,0
74088.png,1,0,0
74089.png,1,1,0
74090.png,1,1,0
74091.png,1,1,0
74092.png,1,0,0
74093.png,1,1,0
74094.png,1,1,0
74095.png,0,0,0
74096.png,0,0,0
74097.png,0,0,0
74098.png,1,1,0
74099.png,0,0,0
74100.png,0,0,0
74101.png,0,0,0
74102.png,1,1,0
74103.png,0,0,0
74104.png,0,0,0
74105.png,1,1,0
74106.png,1,1,1
74107.png,1,0,0
74108.png,0,0,0
74109.png,1,0,0
74110.png,0,0,0
74111.png,0,0,0
74112.png,0,0,0
74113.png,1,0,0
74114.png,0,0,0
74115.png,0,0,0
74116.png,1,0,0
74117.png,1,0,0
74118.png,0,0,0
74119.png,0,0,0
74120.png,0,0,0
74121.png,1,0,0
74122.png,0,0,0
74123.png,0,0,0
74124.png,0,0,0
74125.png,1,1,0
74126.png,1,1,1
74127.png,1,1,1
74128.png,0,0,0
74129.png,0,0,0
74130.png,0,0,0
74131.png,0,0,0
74132.png,0,0,0
74133.png,1,0,0
74134.png,1,1,0
74135.png,1,0,0
74136.png,0,0,0
74137.png,0,0,0
74138.png,0,0,0
74139.png,1,1,0
74140.png,1,0,0
74141.png,0,0,0
74142.png,0,0,0
74143.png,1,0,0
74144.png,0,0,0
74145.png,1,1,1
74146.png,1,1,0
74147.png,0,0,0
74148.png,0,0,0
74149.png,1,1,0
74150.png,1,0,0
74151.png,1,1,0
74152.png,1,1,0
74153.png,0,0,0
74154.png,0,0,0
74155.png,1,1,0
74156.png,1,1,0
74157.png,0,0,0
74158.png,0,0,0
74159.png,1,1,1
74160.png,1,0,0
74161.png,0,0,0
74162.png,0,0,0
74163.png,1,1,0
74164.png,1,0,0
74165.png,0,0,0
74166.png,1,1,0
74167.png,0,0,0
74168.png,0,0,0
74169.png,1,0,0
74170.png,0,0,0
74171.png,1,1,1
74172.png,0,0,0
74173.png,0,0,0
74174.png,0,0,0
74175.png,1,1,1
74176.png,0,0,0
74177.png,0,0,0
74178.png,1,0,0
74179.png,1,1,0
74180.png,0,0,0
74181.png,1,1,1
74182.png,0,0,0
74183.png,1,1,0
74184.png,1,0,0
74185.png,0,0,0
74186.png,0,0,0
74187.png,0,0,0
74188.png,0,0,0
74189.png,0,0,0
74190.png,1,1,0
74191.png,0,0,0
74192.png,0,0,0
74193.png,1,1,0
74194.png,0,0,0
74195.png,0,0,0
74196.png,0,0,0
74197.png,0,0,0
74198.png,0,0,0
74199.png,0,0,0
74200.png,0,0,0
74201.png,0,0,0
74202.png,0,0,0
74203.png,1,1,0
74204.png,0,0,0
74205.png,1,1,0
74206.png,1,0,0
74207.png,0,0,0
74208.png,1,1,1
74209.png,1,0,0
74210.png,1,1,0
74211.png,0,0,0
74212.png,1,1,0
74213.png,1,0,0
74214.png,0,0,0
74215.png,1,1,1
74216.png,1,1,0
74217.png,1,0,1
74218.png,1,1,0
74219.png,1,0,0
74220.png,1,1,0
74221.png,0,0,0
74222.png,0,0,0
74223.png,0,0,0
74224.png,1,1,0
74225.png,1,1,0
74226.png,0,0,0
74227.png,0,0,0
74228.png,0,0,0
74229.png,1,1,0
74230.png,0,0,0
74231.png,1,0,0
74232.png,0,0,0
74233.png,1,1,0
74234.png,0,0,0
74235.png,1,1,0
74236.png,0,0,0
74237.png,0,0,0
74238.png,1,0,0
74239.png,1,1,0
74240.png,0,0,0
74241.png,0,0,0
74242.png,0,0,0
74243.png,0,0,0
74244.png,0,0,0
74245.png,0,0,0
74246.png,1,0,0
74247.png,0,0,0
74248.png,1,1,1
74249.png,0,0,0
74250.png,1,1,1
74251.png,0,0,0
74252.png,0,0,0
74253.png,0,0,0
74254.png,0,0,0
74255.png,1,1,0
74256.png,0,0,0
74257.png,0,0,0
74258.png,1,0,0
74259.png,1,1,0
74260.png,0,0,0
74261.png,0,0,0
74262.png,1,0,0
74263.png,0,0,0
74264.png,0,0,0
74265.png,1,0,0
74266.png,1,1,1
74267.png,0,0,0
74268.png,0,0,0
74269.png,1,1,0
74270.png,0,0,0
74271.png,1,0,0
74272.png,1,0,0
74273.png,0,0,0
74274.png,1,0,0
74275.png,1,0,0
74276.png,0,0,0
74277.png,1,0,0
74278.png,1,1,1
74279.png,0,0,0
74280.png,0,0,0
74281.png,0,0,0
74282.png,0,0,0
74283.png,0,0,0
74284.png,0,0,0
74285.png,0,0,0
74286.png,0,0,0
74287.png,0,0,0
74288.png,0,0,0
74289.png,0,0,0
74290.png,1,1,0
74291.png,0,0,0
74292.png,0,0,0
74293.png,0,0,0
74294.png,0,0,0
74295.png,1,0,0
74296.png,1,1,0
74297.png,1,0,0
74298.png,0,0,0
74299.png,1,1,0
74300.png,0,0,0
74301.png,1,0,0
74302.png,0,0,0
74303.png,1,0,0
74304.png,1,1,1
74305.png,0,0,0
74306.png,1,0,0
74307.png,0,0,0
74308.png,0,0,0
74309.png,0,0,0
74310.png,0,0,0
74311.png,1,1,0
74312.png,0,0,0
74313.png,1,1,0
74314.png,0,0,0
74315.png,0,0,0
74316.png,1,0,0
74317.png,0,0,0
74318.png,0,0,0
74319.png,0,0,0
74320.png,0,0,0
74321.png,0,0,0
74322.png,0,0,0
74323.png,1,0,0
74324.png,0,0,0
74325.png,0,0,0
74326.png,1,0,0
74327.png,1,0,0
74328.png,1,1,1
74329.png,0,0,0
74330.png,0,0,0
74331.png,1,1,0
74332.png,0,0,0
74333.png,0,0,0
74334.png,0,0,0
74335.png,0,0,0
74336.png,0,0,0
74337.png,1,1,0
74338.png,0,0,0
74339.png,1,0,0
74340.png,1,0,0
74341.png,0,0,0
74342.png,0,0,0
74343.png,1,1,1
74344.png,1,1,1
74345.png,0,0,0
74346.png,1,1,0
74347.png,0,0,0
74348.png,1,1,0
74349.png,1,0,0
74350.png,1,0,0
74351.png,1,1,0
74352.png,1,1,0
74353.png,1,1,1
74354.png,1,1,1
74355.png,0,0,0
74356.png,0,0,0
74357.png,0,0,0
74358.png,0,0,0
74359.png,1,1,0
74360.png,1,0,0
74361.png,0,0,0
74362.png,0,0,0
74363.png,0,0,0
74364.png,1,0,0
74365.png,0,0,0
74366.png,1,1,1
74367.png,0,0,0
74368.png,0,0,0
74369.png,1,1,1
74370.png,0,0,0
74371.png,1,0,1
74372.png,0,0,0
74373.png,0,0,0
74374.png,1,1,1
74375.png,0,0,0
74376.png,0,0,0
74377.png,1,0,0
74378.png,0,0,0
74379.png,0,0,0
74380.png,1,1,1
74381.png,1,1,0
74382.png,0,0,0
74383.png,0,0,0
74384.png,0,0,0
74385.png,0,0,0
74386.png,0,0,0
74387.png,1,1,1
74388.png,1,0,0
74389.png,0,0,0
74390.png,0,0,0
74391.png,1,1,0
74392.png,0,0,0
74393.png,0,0,0
74394.png,1,1,0
74395.png,0,0,0
74396.png,0,0,0
74397.png,1,1,1
74398.png,0,0,0
74399.png,1,0,0
74400.png,1,1,0
74401.png,0,0,0
74402.png,1,0,0
74403.png,1,1,0
74404.png,0,0,0
74405.png,1,0,0
74406.png,0,0,0
74407.png,1,1,0
74408.png,0,0,0
74409.png,1,1,0
74410.png,1,1,1
74411.png,1,0,0
74412.png,0,0,0
74413.png,0,0,0
74414.png,0,0,0
74415.png,0,0,0
74416.png,1,1,0
74417.png,0,0,0
74418.png,0,0,0
74419.png,0,0,0
74420.png,0,0,0
74421.png,0,0,0
74422.png,1,1,1
74423.png,0,0,0
74424.png,1,0,0
74425.png,0,0,0
74426.png,0,0,0
74427.png,1,1,1
74428.png,1,0,0
74429.png,1,0,0
74430.png,1,0,0
74431.png,0,0,0
74432.png,0,0,0
74433.png,1,1,0
74434.png,1,1,0
74435.png,1,1,0
74436.png,0,0,0
74437.png,0,0,0
74438.png,1,0,0
74439.png,0,0,0
74440.png,0,0,0
74441.png,0,0,0
74442.png,1,1,0
74443.png,0,0,0
74444.png,1,1,1
74445.png,1,0,0
74446.png,1,1,0
74447.png,1,1,0
74448.png,0,0,0
74449.png,0,0,0
74450.png,1,1,0
74451.png,1,0,0
74452.png,1,1,1
74453.png,1,0,0
74454.png,0,0,0
74455.png,0,0,0
74456.png,1,0,0
74457.png,0,0,0
74458.png,0,0,0
74459.png,1,1,0
74460.png,1,1,1
74461.png,0,0,0
74462.png,1,0,0
74463.png,1,1,0
74464.png,0,0,0
74465.png,0,0,0
74466.png,0,0,0
74467.png,1,1,1
74468.png,0,0,0
74469.png,1,1,0
74470.png,1,0,0
74471.png,1,1,0
74472.png,0,0,0
74473.png,0,0,0
74474.png,1,0,0
74475.png,1,1,1
74476.png,0,0,0
74477.png,1,0,0
74478.png,1,1,0
74479.png,0,0,0
74480.png,0,0,0
74481.png,0,0,0
74482.png,0,0,0
74483.png,0,0,0
74484.png,1,1,0
74485.png,1,0,0
74486.png,0,0,0
74487.png,0,0,0
74488.png,1,1,0
74489.png,0,0,0
74490.png,1,0,0
74491.png,0,0,0
74492.png,1,1,0
74493.png,1,0,0
74494.png,1,0,0
74495.png,0,0,0
74496.png,1,1,0
74497.png,0,0,0
74498.png,0,0,0
74499.png,1,0,0
74500.png,1,1,0
74501.png,0,0,0
74502.png,0,0,0
74503.png,0,0,0
74504.png,0,0,0
74505.png,0,0,0
74506.png,1,1,0
74507.png,1,1,1
74508.png,1,1,0
74509.png,0,0,0
74510.png,0,0,0
74511.png,0,0,0
74512.png,0,0,0
74513.png,0,0,0
74514.png,1,0,0
74515.png,0,0,0
74516.png,1,1,0
74517.png,0,0,0
74518.png,1,1,1
74519.png,0,0,0
74520.png,1,0,0
74521.png,1,1,1
74522.png,1,0,0
74523.png,0,0,0
74524.png,0,0,0
74525.png,1,1,0
74526.png,1,1,1
74527.png,1,1,1
74528.png,1,1,0
74529.png,0,0,0
74530.png,0,0,0
74531.png,0,0,0
74532.png,0,0,0
74533.png,0,0,0
74534.png,0,1,0
74535.png,0,0,0
74536.png,0,0,0
74537.png,1,1,0
74538.png,0,0,0
74539.png,1,1,0
74540.png,1,0,0
74541.png,1,0,0
74542.png,1,1,1
74543.png,1,1,0
74544.png,0,0,0
74545.png,0,0,0
74546.png,0,0,0
74547.png,0,0,0
74548.png,1,1,0
74549.png,1,0,0
74550.png,1,1,0
74551.png,0,0,0
74552.png,1,1,1
74553.png,1,1,0
74554.png,1,1,0
74555.png,0,0,0
74556.png,0,0,0
74557.png,0,0,0
74558.png,1,1,0
74559.png,1,1,0
74560.png,1,0,0
74561.png,1,0,0
74562.png,1,1,0
74563.png,0,0,0
74564.png,0,0,0
74565.png,0,0,0
74566.png,1,1,0
74567.png,0,0,0
74568.png,0,0,0
74569.png,0,0,0
74570.png,0,0,0
74571.png,1,1,0
74572.png,0,0,0
74573.png,1,1,0
74574.png,1,0,0
74575.png,1,0,0
74576.png,0,0,0
74577.png,0,0,0
74578.png,0,0,0
74579.png,0,0,0
74580.png,1,1,0
74581.png,1,1,0
74582.png,1,1,1
74583.png,1,0,0
74584.png,0,0,0
74585.png,1,0,0
74586.png,0,0,0
74587.png,0,0,0
74588.png,1,0,0
74589.png,1,0,0
74590.png,0,0,0
74591.png,1,0,0
74592.png,1,0,0
74593.png,0,0,0
74594.png,1,1,0
74595.png,0,0,0
74596.png,0,0,0
74597.png,1,1,1
74598.png,1,1,0
74599.png,1,0,0
74600.png,0,0,0
74601.png,1,0,0
74602.png,1,1,1
74603.png,1,0,0
74604.png,1,1,0
74605.png,1,0,0
74606.png,1,1,1
74607.png,0,0,0
74608.png,0,0,0
74609.png,1,0,0
74610.png,0,0,0
74611.png,1,1,1
74612.png,0,0,0
74613.png,0,0,0
74614.png,0,0,0
74615.png,0,0,0
74616.png,0,0,0
74617.png,0,0,0
74618.png,0,0,0
74619.png,1,1,0
74620.png,1,1,0
74621.png,1,0,0
74622.png,1,0,0
74623.png,1,1,0
74624.png,0,0,0
74625.png,0,0,0
74626.png,1,0,0
74627.png,0,0,0
74628.png,1,0,0
74629.png,0,0,0
74630.png,0,0,0
74631.png,1,1,0
74632.png,0,1,1
74633.png,1,1,0
74634.png,0,0,0
74635.png,0,0,0
74636.png,0,0,0
74637.png,1,0,0
74638.png,0,0,0
74639.png,0,0,0
74640.png,1,0,0
74641.png,1,0,0
74642.png,1,1,0
74643.png,1,0,0
74644.png,0,0,0
74645.png,1,0,0
74646.png,0,0,0
74647.png,1,1,1
74648.png,0,0,0
74649.png,1,1,1
74650.png,1,1,0
74651.png,1,0,0
74652.png,1,1,1
74653.png,0,0,0
74654.png,0,0,0
74655.png,1,1,0
74656.png,0,0,0
74657.png,1,1,0
74658.png,1,1,0
74659.png,0,0,0
74660.png,1,1,1
74661.png,1,0,0
74662.png,0,0,0
74663.png,1,0,0
74664.png,1,0,0
74665.png,1,1,1
74666.png,0,0,0
74667.png,0,0,0
74668.png,1,1,0
74669.png,0,0,0
74670.png,0,0,0
74671.png,0,0,0
74672.png,1,0,0
74673.png,1,1,0
74674.png,0,0,0
74675.png,1,0,0
74676.png,1,1,0
74677.png,1,1,0
74678.png,0,0,0
74679.png,0,0,0
74680.png,1,1,0
74681.png,1,1,0
74682.png,0,0,0
74683.png,0,0,0
74684.png,0,0,0
74685.png,1,0,0
74686.png,1,1,0
74687.png,1,1,0
74688.png,1,1,0
74689.png,0,0,0
74690.png,0,0,0
74691.png,0,0,0
74692.png,1,0,0
74693.png,0,0,0
74694.png,0,0,0
74695.png,0,0,0
74696.png,0,0,0
74697.png,1,0,0
74698.png,1,1,0
74699.png,1,0,0
74700.png,0,0,0
74701.png,1,0,0
74702.png,1,1,0
74703.png,0,0,0
74704.png,1,1,1
74705.png,0,0,0
74706.png,0,0,0
74707.png,0,0,0
74708.png,1,1,0
74709.png,0,0,0
74710.png,1,0,0
74711.png,0,0,0
74712.png,1,1,0
74713.png,0,0,0
74714.png,0,0,0
74715.png,0,0,0
74716.png,1,0,0
74717.png,1,0,0
74718.png,0,0,0
74719.png,0,0,0
74720.png,0,1,0
74721.png,1,0,0
74722.png,0,0,0
74723.png,1,1,0
74724.png,1,1,0
74725.png,1,1,0
74726.png,1,1,0
74727.png,1,1,1
74728.png,0,0,0
74729.png,1,0,0
74730.png,0,0,0
74731.png,1,0,0
74732.png,1,0,0
74733.png,0,0,0
74734.png,0,0,0
74735.png,1,0,0
74736.png,0,0,0
74737.png,0,0,0
74738.png,0,0,0
74739.png,0,0,0
74740.png,0,0,0
74741.png,1,0,0
74742.png,1,0,0
74743.png,1,1,0
74744.png,1,0,0
74745.png,0,0,0
74746.png,1,1,1
74747.png,0,0,0
74748.png,0,0,0
74749.png,0,0,0
74750.png,0,0,0
74751.png,0,0,0
74752.png,0,0,0
74753.png,0,0,0
74754.png,1,1,1
74755.png,1,0,0
74756.png,1,1,0
74757.png,0,0,0
74758.png,1,0,0
74759.png,0,0,0
74760.png,1,1,1
74761.png,1,0,0
74762.png,0,0,0
74763.png,1,1,0
74764.png,0,0,0
74765.png,0,0,0
74766.png,1,0,0
74767.png,1,1,1
74768.png,0,0,0
74769.png,1,0,0
74770.png,1,1,1
74771.png,0,0,0
74772.png,1,1,0
74773.png,1,1,1
74774.png,0,0,0
74775.png,0,0,0
74776.png,1,0,1
74777.png,1,1,0
74778.png,0,0,0
74779.png,1,1,0
74780.png,1,1,0
74781.png,0,0,0
74782.png,1,0,0
74783.png,0,0,0
74784.png,1,1,0
74785.png,0,0,0
74786.png,1,1,0
74787.png,1,0,0
74788.png,0,0,0
74789.png,1,1,1
74790.png,0,0,0
74791.png,1,0,0
74792.png,1,1,0
74793.png,1,1,1
74794.png,0,0,0
74795.png,0,0,0
74796.png,0,0,0
74797.png,1,1,0
74798.png,0,0,0
74799.png,1,0,0
74800.png,0,0,0
74801.png,0,0,0
74802.png,1,1,1
74803.png,0,0,0
74804.png,0,0,0
74805.png,1,0,0
74806.png,0,0,0
74807.png,1,0,0
74808.png,0,0,0
74809.png,0,0,0
74810.png,1,1,0
74811.png,0,0,0
74812.png,1,0,0
74813.png,1,0,0
74814.png,0,0,0
74815.png,1,1,0
74816.png,0,0,0
74817.png,1,0,0
74818.png,0,0,0
74819.png,1,0,0
74820.png,0,0,0
74821.png,0,0,0
74822.png,1,0,0
74823.png,1,1,0
74824.png,1,1,0
74825.png,1,1,1
74826.png,0,0,0
74827.png,1,1,1
74828.png,0,0,0
74829.png,0,0,0
74830.png,0,0,0
74831.png,1,1,0
74832.png,0,0,0
74833.png,0,0,0
74834.png,1,0,0
74835.png,1,1,0
74836.png,1,1,0
74837.png,0,0,0
74838.png,0,0,0
74839.png,0,0,0
74840.png,0,0,0
74841.png,0,0,0
74842.png,1,0,0
74843.png,0,0,0
74844.png,1,0,0
74845.png,1,0,0
74846.png,1,0,0
74847.png,1,0,0
74848.png,0,0,0
74849.png,1,1,0
74850.png,0,0,0
74851.png,0,0,0
74852.png,1,1,1
74853.png,0,0,0
74854.png,0,0,0
74855.png,0,0,0
74856.png,1,0,0
74857.png,1,1,0
74858.png,1,1,0
74859.png,0,0,0
74860.png,0,0,0
74861.png,0,0,0
74862.png,0,0,0
74863.png,1,1,1
74864.png,0,0,0
74865.png,0,0,0
74866.png,0,0,0
74867.png,0,0,0
74868.png,0,0,0
74869.png,0,0,0
74870.png,0,0,0
74871.png,1,1,0
74872.png,0,0,0
74873.png,0,0,0
74874.png,1,0,0
74875.png,0,0,0
74876.png,0,0,0
74877.png,1,1,0
74878.png,1,0,0
74879.png,0,0,0
74880.png,1,1,0
74881.png,0,0,0
74882.png,1,0,0
74883.png,1,1,0
74884.png,1,1,0
74885.png,1,1,0
74886.png,0,0,0
74887.png,1,1,1
74888.png,1,1,0
74889.png,0,0,0
74890.png,0,0,0
74891.png,1,1,1
74892.png,0,0,0
74893.png,1,1,0
74894.png,0,0,0
74895.png,0,1,0
74896.png,0,0,0
74897.png,0,0,0
74898.png,0,0,0
74899.png,0,0,0
74900.png,0,0,0
74901.png,1,0,0
74902.png,1,1,0
74903.png,1,1,0
74904.png,0,0,0
74905.png,1,1,0
74906.png,0,0,0
74907.png,1,0,0
74908.png,0,0,0
74909.png,1,1,0
74910.png,1,1,0
74911.png,0,0,0
74912.png,0,0,0
74913.png,0,0,0
74914.png,0,0,0
74915.png,0,0,0
74916.png,1,0,0
74917.png,1,1,0
74918.png,1,1,1
74919.png,0,0,0
74920.png,0,0,0
74921.png,0,0,0
74922.png,0,0,0
74923.png,1,0,0
74924.png,0,0,0
74925.png,1,0,0
74926.png,0,0,0
74927.png,0,0,0
74928.png,1,0,0
74929.png,1,1,0
74930.png,0,0,0
74931.png,0,0,0
74932.png,0,0,0
74933.png,0,0,0
74934.png,0,0,0
74935.png,0,0,0
74936.png,0,0,0
74937.png,1,1,0
74938.png,1,0,0
74939.png,0,0,0
74940.png,0,0,0
74941.png,1,1,1
74942.png,0,0,0
74943.png,0,0,0
74944.png,0,0,0
74945.png,1,1,0
74946.png,1,1,0
74947.png,0,0,0
74948.png,1,1,1
74949.png,1,1,0
74950.png,1,1,0
74951.png,0,0,0
74952.png,0,0,0
74953.png,0,0,0
74954.png,1,1,0
74955.png,0,0,0
74956.png,0,0,0
74957.png,1,1,0
74958.png,0,0,0
74959.png,0,0,0
74960.png,1,0,0
74961.png,0,0,0
74962.png,0,0,0
74963.png,1,0,0
74964.png,0,0,0
74965.png,0,0,0
74966.png,1,1,0
74967.png,1,0,0
74968.png,1,0,0
74969.png,0,0,0
74970.png,0,0,0
74971.png,0,0,0
74972.png,0,0,0
74973.png,0,0,0
74974.png,1,1,0
74975.png,1,0,0
74976.png,0,0,0
74977.png,0,0,0
74978.png,0,0,0
74979.png,1,0,0
74980.png,0,0,0
74981.png,1,0,0
74982.png,0,0,0
74983.png,1,1,0
74984.png,0,0,0
74985.png,1,0,0
74986.png,1,0,0
74987.png,0,0,0
74988.png,0,0,0
74989.png,0,0,0
74990.png,0,0,0
74991.png,1,0,0
74992.png,1,1,0
74993.png,0,0,0
74994.png,1,1,1
74995.png,0,0,0
74996.png,0,0,0
74997.png,0,0,0
74998.png,0,0,0
74999.png,0,0,0
